[
  {
    "model": "auth.group",
    "pk": 1,
    "fields": {
      "name": "Administrador",
      "permissions": []
    }
  },
  {
    "model": "auth.group",
    "pk": 2,
    "fields": {
      "name": "Administrador Contratos",
      "permissions": []
    }
  },
  {
    "model": "auth.group",
    "pk": 3,
    "fields": {
      "name": "Fiscalizador Interno",
      "permissions": []
    }
  },
  {
    "model": "auth.group",
    "pk": 4,
    "fields": {
      "name": "Fiscalizador DT",
      "permissions": []
    }
  },
  {
    "model": "auth.group",
    "pk": 5,
    "fields": {
      "name": "Trabajador",
      "permissions": []
    }
  },
  {
    "model": "auth.group",
    "pk": 6,
    "fields": {
      "name": "Psicologo",
      "permissions": []
    }
  },
  {
    "model": "users.user",
    "pk": 1,
    "fields": {
      "password": "argon2$argon2id$v=19$m=102400,t=2,p=8$TWJYeVJLM2RhdURsZHltdDM4R3FSQw$2nUtII6MMUQFVuUy1lX5bA",
      "last_login": "2022-01-26T13:17:08.437Z",
      "is_superuser": true,
      "username": "admin",
      "first_name": "Administrador",
      "last_name": "Sistema",
      "is_staff": true,
      "is_active": true,
      "date_joined": "2022-01-21T14:57:00Z",
      "created": "2022-01-21T14:57:00.857Z",
      "created_by": null,
      "modified": "2022-01-24T17:49:43.053Z",
      "modified_by": null,
      "atributos": null,
      "cambiar_clave": true,
      "email": "superuser@yopmail.com",
      "rut": "12345678",
      "fecha_nacimiento": null,
      "telefono": null,
      "groups": [
        1
      ],
      "user_permissions": [],
      "cliente": [
        1
      ],
      "planta": [
        1,
        2,
        3
      ]
    }
  },
  {
    "model": "users.user",
    "pk": 2,
    "fields": {
      "password": "argon2$argon2id$v=19$m=102400,t=2,p=8$MWxabW9YTHNnMFpvbFQwUHBVcDRtSw$Rh98TFeiLBc98mfWcEXS8g",
      "last_login": null,
      "is_superuser": false,
      "username": "vane.andrea-2201131117",
      "first_name": "Vanesa Andrea",
      "last_name": "Leiva Cáceres",
      "is_staff": false,
      "is_active": true,
      "date_joined": "2022-01-24T16:11:17.119Z",
      "created": "2022-01-24T16:11:17.261Z",
      "created_by": 1,
      "modified": "2022-01-24T16:11:17.288Z",
      "modified_by": 1,
      "atributos": null,
      "cambiar_clave": true,
      "email": "vane.andrea@gmail.com",
      "rut": "19.966.024-1",
      "fecha_nacimiento": "1990-07-26",
      "telefono": "954670103",
      "groups": [
        2
      ],
      "user_permissions": [],
      "cliente": [
        1
      ],
      "planta": [
        2
      ]
    }
  },
  {
    "model": "users.user",
    "pk": 3,
    "fields": {
      "password": "argon2$argon2id$v=19$m=102400,t=2,p=8$SEJUNFRCbVJnRnplNXVBVnNJUEV1dA$0f+0aAYl1NlM+mPYsRtmWQ",
      "last_login": null,
      "is_superuser": false,
      "username": "cami-2201162547",
      "first_name": "Camila Soledad",
      "last_name": "Fuente Beltran",
      "is_staff": false,
      "is_active": true,
      "date_joined": "2022-01-24T19:25:47.310Z",
      "created": "2022-01-24T19:25:47.475Z",
      "created_by": 1,
      "modified": "2022-01-24T19:26:02.896Z",
      "modified_by": 1,
      "atributos": null,
      "cambiar_clave": true,
      "email": "cami@gmail.com",
      "rut": "18.752.819-4",
      "fecha_nacimiento": "1997-11-06",
      "telefono": "995648530",
      "groups": [
        6
      ],
      "user_permissions": [],
      "cliente": [
        4
      ],
      "planta": [
        6
      ]
    }
  },
  {
    "model": "users.user",
    "pk": 4,
    "fields": {
      "password": "argon2$argon2id$v=19$m=102400,t=2,p=8$MWxabW9YTHNnMFpvbFQwUHBVcDRtSw$Rh98TFeiLBc98mfWcEXS8g",
      "last_login": null,
      "is_superuser": false,
      "username": "lindseynavarretemoyano21-2201131117",
      "first_name": "Lindsey Vannia",
      "last_name": "Navarrete Moyano",
      "is_staff": false,
      "is_active": true,
      "date_joined": "2022-01-24T16:11:17.119Z",
      "created": "2022-01-24T16:11:17.261Z",
      "created_by": 1,
      "modified": "2022-01-24T16:11:17.288Z",
      "modified_by": 1,
      "atributos": null,
      "cambiar_clave": true,
      "email": "lindseynavarretemoyano21@gmail.com",
      "rut": "18.565.128-2",
      "fecha_nacimiento": "1993-09-06",
      "telefono": "954230197",
      "groups": [
        5
      ],
      "user_permissions": [],
      "cliente": [
        1
      ],
      "planta": [
        2
      ]
    }
  },
  {
    "model": "users.user",
    "pk": 5,
    "fields": {
      "password": "argon2$argon2id$v=19$m=102400,t=2,p=8$SEJUNFRCbVJnRnplNXVBVnNJUEV1dA$0f+0aAYl1NlM+mPYsRtmWQ",
      "last_login": null,
      "is_superuser": false,
      "username": "totimorales1629-2201162547",
      "first_name": "Guillermo",
      "last_name": "Garcia Morales",
      "is_staff": false,
      "is_active": true,
      "date_joined": "2022-01-24T19:25:47.310Z",
      "created": "2022-01-24T19:25:47.475Z",
      "created_by": 1,
      "modified": "2022-01-24T19:26:02.896Z",
      "modified_by": 1,
      "atributos": null,
      "cambiar_clave": true,
      "email": "totimorales1629@gmail.com",
      "rut": "21.107.768-9",
      "fecha_nacimiento": "1994-11-15",
      "telefono": "995171530",
      "groups": [
        5
      ],
      "user_permissions": [],
      "cliente": [
        4
      ],
      "planta": [
        6
      ]
    }
  },
  {
    "model": "users.trabajador",
    "pk": 1,
    "fields": {
      "first_name": "Lindsey Vannia",
      "last_name": "Navarrete Moyano",
      "is_active": true,
      "created": "2022-01-24T16:11:17.261Z",
      "created_by": 1,
      "modified": "2022-01-24T16:11:17.288Z",
      "modified_by": 1,
      "email": "lindseynavarretemoyano21@gmail.com",
      "rut": "18.565.128-2",
      "pasaporte": null,
      "sexo": 2,
      "estado_civil": 1,
      "fecha_nacimiento": "1993-09-06",
      "telefono": "954230197",
      "telefono2": null,
      "licencia_conducir": "NG",
      "talla_polera": null,
      "talla_pantalon": null,
      "calzado": null,
      "nivel_estudio": 3,
      "especialidad": null,
      "nacionalidad": 1,
      "region": 5,
      "provincia": 12,
      "ciudad": 41,
      "domicilio": "Av. Rodelillo 5350, torreo 1, Dpto. 504, Cerro Bar¾n",
      "examen": false,
      "foto": "",
      "afp": 4,
      "salud": 1,
      "pacto_uf": null,
      "banco": 2,
      "tipo_cuenta": 5,
      "cuenta": "18565128",
      "user": 4
    }
  },
  {
    "model": "users.trabajador",
    "pk": 2,
    "fields": {
      "first_name": "Guillermo",
      "last_name": "Garcia Morales",
      "is_active": true,
      "created": "2022-01-24T19:25:47.475Z",
      "created_by": 1,
      "modified": "2022-01-24T19:26:02.896Z",
      "modified_by": 1,
      "email": "totimorales1629@gmail.com",
      "rut": "21.107.768-9",
      "pasaporte": null,
      "sexo": 2,
      "estado_civil": 1,
      "fecha_nacimiento": "1994-11-15",
      "telefono": "995171530",
      "telefono2": null,
      "licencia_conducir": "B",
      "talla_polera": null,
      "talla_pantalon": null,
      "calzado": null,
      "nivel_estudio": 5,
      "especialidad": null,
      "nacionalidad": 1,
      "region": 14,
      "provincia": 52,
      "ciudad": 228,
      "domicilio": "Pasaje las animas, casa N░1 segundo sector",
      "examen": false,
      "foto": "",
      "afp": 4,
      "salud": 1,
      "pacto_uf": null,
      "banco": 2,
      "tipo_cuenta": 5,
      "cuenta": "21107768",
      "user": 5
    }
  },
  {
    "model": "users.nacionalidad",
    "pk": 1,
    "fields": {
      "nombre": "Chilena",
      "status": true,
      "created_date": "2022-01-07T13:16:59.672Z"
    }
  },
  {
    "model": "users.nacionalidad",
    "pk": 2,
    "fields": {
      "nombre": "Venezolana",
      "status": true,
      "created_date": "2022-01-07T13:17:09.956Z"
    }
  },
  {
    "model": "users.nacionalidad",
    "pk": 3,
    "fields": {
      "nombre": "Colombiana",
      "status": true,
      "created_date": "2022-01-07T13:17:14.653Z"
    }
  },
  {
    "model": "users.nacionalidad",
    "pk": 4,
    "fields": {
      "nombre": "Peruana",
      "status": true,
      "created_date": "2022-01-07T13:20:42.870Z"
    }
  },
  {
    "model": "users.nacionalidad",
    "pk": 5,
    "fields": {
      "nombre": "Haitiana",
      "status": true,
      "created_date": "2022-01-07T13:20:57.316Z"
    }
  },
  {
    "model": "users.nacionalidad",
    "pk": 6,
    "fields": {
      "nombre": "Ecuatoriana",
      "status": true,
      "created_date": "2022-01-07T13:21:12.243Z"
    }
  },
  {
    "model": "users.nacionalidad",
    "pk": 7,
    "fields": {
      "nombre": "Extranjera",
      "status": true,
      "created_date": "2022-01-07T13:21:18.188Z"
    }
  },
  {
    "model": "users.nivelestudio",
    "pk": 1,
    "fields": {
      "nombre": "Básico",
      "status": true,
      "created_date": "2022-01-06T19:50:41.620Z"
    }
  },
  {
    "model": "users.nivelestudio",
    "pk": 2,
    "fields": {
      "nombre": "Medio/Liceo Humanista Incompleto",
      "status": true,
      "created_date": "2022-01-06T19:50:41.624Z"
    }
  },
  {
    "model": "users.nivelestudio",
    "pk": 3,
    "fields": {
      "nombre": "Medio/Liceo Humanista Completo",
      "status": true,
      "created_date": "2022-01-06T19:50:41.626Z"
    }
  },
  {
    "model": "users.nivelestudio",
    "pk": 4,
    "fields": {
      "nombre": "Medio/Liceo Técnico Incompleto",
      "status": true,
      "created_date": "2022-01-06T19:50:41.629Z"
    }
  },
  {
    "model": "users.nivelestudio",
    "pk": 5,
    "fields": {
      "nombre": "Medio/Liceo Técnico Completo",
      "status": true,
      "created_date": "2022-01-06T19:50:41.631Z"
    }
  },
  {
    "model": "users.nivelestudio",
    "pk": 6,
    "fields": {
      "nombre": "Técnico Profesional Superior/Técnico Universitario Incompleto",
      "status": true,
      "created_date": "2022-01-06T19:50:41.633Z"
    }
  },
  {
    "model": "users.nivelestudio",
    "pk": 7,
    "fields": {
      "nombre": "Técnico Profesional Superior/Técnico Universitario Completo",
      "status": true,
      "created_date": "2022-01-06T19:50:41.636Z"
    }
  },
  {
    "model": "users.nivelestudio",
    "pk": 8,
    "fields": {
      "nombre": "Universitario Incompleto",
      "status": true,
      "created_date": "2022-01-06T19:50:41.638Z"
    }
  },
  {
    "model": "users.nivelestudio",
    "pk": 9,
    "fields": {
      "nombre": "Universitario Completo",
      "status": true,
      "created_date": "2022-01-06T19:50:41.640Z"
    }
  },
  {
    "model": "users.nivelestudio",
    "pk": 10,
    "fields": {
      "nombre": "Postgrado",
      "status": true,
      "created_date": "2022-01-06T19:50:41.642Z"
    }
  },
  {
    "model": "users.nivelestudio",
    "pk": 11,
    "fields": {
      "nombre": "Magister",
      "status": true,
      "created_date": "2022-01-06T19:50:41.645Z"
    }
  },
  {
    "model": "users.nivelestudio",
    "pk": 12,
    "fields": {
      "nombre": "Doctorado",
      "status": true,
      "created_date": "2022-01-06T19:50:41.647Z"
    }
  },
  {
    "model": "users.parentesco",
    "pk": 1,
    "fields": {
      "nombre": "Padre",
      "status": true,
      "created_date": "2022-01-06T19:52:02.597Z"
    }
  },
  {
    "model": "users.parentesco",
    "pk": 2,
    "fields": {
      "nombre": "Madre",
      "status": true,
      "created_date": "2022-01-06T19:52:02.600Z"
    }
  },
  {
    "model": "users.parentesco",
    "pk": 3,
    "fields": {
      "nombre": "Hijo/a",
      "status": true,
      "created_date": "2022-01-06T19:52:02.603Z"
    }
  },
  {
    "model": "users.parentesco",
    "pk": 4,
    "fields": {
      "nombre": "Hermano/a",
      "status": true,
      "created_date": "2022-01-06T19:52:02.605Z"
    }
  },
  {
    "model": "users.parentesco",
    "pk": 5,
    "fields": {
      "nombre": "Tio/a",
      "status": true,
      "created_date": "2022-01-06T19:52:02.607Z"
    }
  },
  {
    "model": "users.parentesco",
    "pk": 6,
    "fields": {
      "nombre": "Primo/a",
      "status": true,
      "created_date": "2022-01-06T19:52:02.609Z"
    }
  },
  {
    "model": "users.parentesco",
    "pk": 7,
    "fields": {
      "nombre": "Abuelo/a",
      "status": true,
      "created_date": "2022-01-06T19:52:02.612Z"
    }
  },
  {
    "model": "users.parentesco",
    "pk": 8,
    "fields": {
      "nombre": "Otro Familiar",
      "status": true,
      "created_date": "2022-01-06T19:52:02.614Z"
    }
  },
  {
    "model": "users.parentesco",
    "pk": 9,
    "fields": {
      "nombre": "Vacio",
      "status": true,
      "created_date": "2022-01-06T19:52:02.616Z"
    }
  },
  {
    "model": "users.parentesco",
    "pk": 10,
    "fields": {
      "nombre": "Cónyuge",
      "status": true,
      "created_date": "2022-01-06T19:52:02.618Z"
    }
  },
  {
    "model": "users.profesion",
    "pk": 1,
    "fields": {
      "nombre": "Ninguna",
      "status": true,
      "created_date": "2022-01-06T19:47:51.290Z"
    }
  },
  {
    "model": "users.profesion",
    "pk": 2,
    "fields": {
      "nombre": "Constructor Civil",
      "status": true,
      "created_date": "2022-01-06T19:47:51.295Z"
    }
  },
  {
    "model": "users.profesion",
    "pk": 3,
    "fields": {
      "nombre": "Contador Auditor",
      "status": true,
      "created_date": "2022-01-06T19:47:51.298Z"
    }
  },
  {
    "model": "users.profesion",
    "pk": 4,
    "fields": {
      "nombre": "Diseñador Industrial De Mobiliario Y Producto",
      "status": true,
      "created_date": "2022-01-06T19:47:51.300Z"
    }
  },
  {
    "model": "users.profesion",
    "pk": 5,
    "fields": {
      "nombre": "Ingeniería en (E) Metal Mecánica",
      "status": true,
      "created_date": "2022-01-06T19:47:51.302Z"
    }
  },
  {
    "model": "users.profesion",
    "pk": 6,
    "fields": {
      "nombre": "Ingeniero Administración Industrial",
      "status": true,
      "created_date": "2022-01-06T19:47:51.304Z"
    }
  },
  {
    "model": "users.profesion",
    "pk": 7,
    "fields": {
      "nombre": "Ingeniero Civil",
      "status": true,
      "created_date": "2022-01-06T19:47:51.307Z"
    }
  },
  {
    "model": "users.profesion",
    "pk": 8,
    "fields": {
      "nombre": "Ingeniero Civil Ambiental",
      "status": true,
      "created_date": "2022-01-06T19:47:51.309Z"
    }
  },
  {
    "model": "users.profesion",
    "pk": 9,
    "fields": {
      "nombre": "Ingeniero Civil Eléctrico",
      "status": true,
      "created_date": "2022-01-06T19:47:51.312Z"
    }
  },
  {
    "model": "users.profesion",
    "pk": 10,
    "fields": {
      "nombre": "Ingeniero Civil Electrónico",
      "status": true,
      "created_date": "2022-01-06T19:47:51.314Z"
    }
  },
  {
    "model": "users.profesion",
    "pk": 11,
    "fields": {
      "nombre": "Ingeniero Civil en Automatización",
      "status": true,
      "created_date": "2022-01-06T19:47:51.316Z"
    }
  },
  {
    "model": "users.profesion",
    "pk": 12,
    "fields": {
      "nombre": "Ingeniero Civil en Biotecnología",
      "status": true,
      "created_date": "2022-01-06T19:47:51.318Z"
    }
  },
  {
    "model": "users.profesion",
    "pk": 13,
    "fields": {
      "nombre": "Ingeniero Civil en Industrias de la Madera",
      "status": true,
      "created_date": "2022-01-06T19:47:51.320Z"
    }
  },
  {
    "model": "users.profesion",
    "pk": 14,
    "fields": {
      "nombre": "Ingeniero Civil en Informática",
      "status": true,
      "created_date": "2022-01-06T19:47:51.322Z"
    }
  },
  {
    "model": "users.profesion",
    "pk": 15,
    "fields": {
      "nombre": "Ingeniero Civil en Prevención de Riesgos",
      "status": true,
      "created_date": "2022-01-06T19:47:51.324Z"
    }
  },
  {
    "model": "users.profesion",
    "pk": 16,
    "fields": {
      "nombre": "Ingeniero Civil Industrial, mención Gestión",
      "status": true,
      "created_date": "2022-01-06T19:47:51.326Z"
    }
  },
  {
    "model": "users.profesion",
    "pk": 17,
    "fields": {
      "nombre": "Ingeniero Civil Industrial, mención Mecánica",
      "status": true,
      "created_date": "2022-01-06T19:47:51.328Z"
    }
  },
  {
    "model": "users.profesion",
    "pk": 18,
    "fields": {
      "nombre": "Ingeniero Civil Informático",
      "status": true,
      "created_date": "2022-01-06T19:47:51.330Z"
    }
  },
  {
    "model": "users.profesion",
    "pk": 19,
    "fields": {
      "nombre": "Ingeniero Civil Mecánico",
      "status": true,
      "created_date": "2022-01-06T19:47:51.333Z"
    }
  },
  {
    "model": "users.profesion",
    "pk": 20,
    "fields": {
      "nombre": "Ingeniero Civil Metal├║rgico",
      "status": true,
      "created_date": "2022-01-06T19:47:51.335Z"
    }
  },
  {
    "model": "users.profesion",
    "pk": 21,
    "fields": {
      "nombre": "Ingeniero Comercial",
      "status": true,
      "created_date": "2022-01-06T19:47:51.337Z"
    }
  },
  {
    "model": "users.profesion",
    "pk": 22,
    "fields": {
      "nombre": "Ingeniero de Ejecución en Administración de Empresas",
      "status": true,
      "created_date": "2022-01-06T19:47:51.339Z"
    }
  },
  {
    "model": "users.profesion",
    "pk": 23,
    "fields": {
      "nombre": "Ingeniero de Ejecución en Calefacción, Refrigeración y Aire Acondicionado",
      "status": true,
      "created_date": "2022-01-06T19:47:51.341Z"
    }
  },
  {
    "model": "users.profesion",
    "pk": 24,
    "fields": {
      "nombre": "Ingeniero de Ejecución en Gestión Industrial",
      "status": true,
      "created_date": "2022-01-06T19:47:51.344Z"
    }
  },
  {
    "model": "users.profesion",
    "pk": 25,
    "fields": {
      "nombre": "Ingeniero de Ejecución en Gestión Industrial, mención en Mantenimiento",
      "status": true,
      "created_date": "2022-01-06T19:47:51.347Z"
    }
  },
  {
    "model": "users.profesion",
    "pk": 26,
    "fields": {
      "nombre": "Ingeniero de Ejecución En Industrias Forestales",
      "status": true,
      "created_date": "2022-01-06T19:47:51.349Z"
    }
  },
  {
    "model": "users.profesion",
    "pk": 27,
    "fields": {
      "nombre": "Ingeniero de Ejecución en Mecánica de Procesos y Mantenimiento Industrial",
      "status": true,
      "created_date": "2022-01-06T19:47:51.351Z"
    }
  },
  {
    "model": "users.profesion",
    "pk": 28,
    "fields": {
      "nombre": "Ingeniero Ejecución en Computación e Informática",
      "status": true,
      "created_date": "2022-01-06T19:47:51.353Z"
    }
  },
  {
    "model": "users.profesion",
    "pk": 29,
    "fields": {
      "nombre": "Ingeniero Ejecución en Electrónica",
      "status": true,
      "created_date": "2022-01-06T19:47:51.356Z"
    }
  },
  {
    "model": "users.profesion",
    "pk": 30,
    "fields": {
      "nombre": "Ingeniero Ejecución en Electricidad",
      "status": true,
      "created_date": "2022-01-06T19:47:51.358Z"
    }
  },
  {
    "model": "users.profesion",
    "pk": 31,
    "fields": {
      "nombre": "Ingeniero Ejecución en Maderas",
      "status": true,
      "created_date": "2022-01-06T19:47:51.360Z"
    }
  },
  {
    "model": "users.profesion",
    "pk": 32,
    "fields": {
      "nombre": "Ingeniero Ejecución en Mecánica",
      "status": true,
      "created_date": "2022-01-06T19:47:51.362Z"
    }
  },
  {
    "model": "users.profesion",
    "pk": 33,
    "fields": {
      "nombre": "Ingeniero Ejecución en Proyectos Estructurales",
      "status": true,
      "created_date": "2022-01-06T19:47:51.364Z"
    }
  },
  {
    "model": "users.profesion",
    "pk": 34,
    "fields": {
      "nombre": "Ingeniero Ejecución Industrial",
      "status": true,
      "created_date": "2022-01-06T19:47:51.366Z"
    }
  },
  {
    "model": "users.profesion",
    "pk": 35,
    "fields": {
      "nombre": "Ingeniero Ejecución Informática",
      "status": true,
      "created_date": "2022-01-06T19:47:51.370Z"
    }
  },
  {
    "model": "users.profesion",
    "pk": 36,
    "fields": {
      "nombre": "Ingeniero Electrónico",
      "status": true,
      "created_date": "2022-01-06T19:47:51.373Z"
    }
  },
  {
    "model": "users.profesion",
    "pk": 37,
    "fields": {
      "nombre": "Ingeniero en Administración de Empresas",
      "status": true,
      "created_date": "2022-01-06T19:47:51.376Z"
    }
  },
  {
    "model": "users.profesion",
    "pk": 38,
    "fields": {
      "nombre": "Ingeniero en Administración Industrial",
      "status": true,
      "created_date": "2022-01-06T19:47:51.379Z"
    }
  },
  {
    "model": "users.profesion",
    "pk": 39,
    "fields": {
      "nombre": "Ingeniero en Automatización y Control Industrial",
      "status": true,
      "created_date": "2022-01-06T19:47:51.381Z"
    }
  },
  {
    "model": "users.profesion",
    "pk": 40,
    "fields": {
      "nombre": "Ingeniero en Climatización",
      "status": true,
      "created_date": "2022-01-06T19:47:51.384Z"
    }
  },
  {
    "model": "users.profesion",
    "pk": 41,
    "fields": {
      "nombre": "Ingeniero en Construcción",
      "status": true,
      "created_date": "2022-01-06T19:47:51.386Z"
    }
  },
  {
    "model": "users.profesion",
    "pk": 42,
    "fields": {
      "nombre": "Ingeniero en Estadística",
      "status": true,
      "created_date": "2022-01-06T19:47:51.389Z"
    }
  },
  {
    "model": "users.profesion",
    "pk": 43,
    "fields": {
      "nombre": "Ingeniero en Logística",
      "status": true,
      "created_date": "2022-01-06T19:47:51.391Z"
    }
  },
  {
    "model": "users.profesion",
    "pk": 44,
    "fields": {
      "nombre": "Ingeniero en Manufactura Industrial, mención Metalmecánica",
      "status": true,
      "created_date": "2022-01-06T19:47:51.394Z"
    }
  },
  {
    "model": "users.profesion",
    "pk": 45,
    "fields": {
      "nombre": "Ingeniero en Maquinaria y Vehículos Automotrices",
      "status": true,
      "created_date": "2022-01-06T19:47:51.397Z"
    }
  },
  {
    "model": "users.profesion",
    "pk": 46,
    "fields": {
      "nombre": "Ingeniero en Maquinaria, Vehículos Automotrices y Sistemas Electrónicos",
      "status": true,
      "created_date": "2022-01-06T19:47:51.399Z"
    }
  },
  {
    "model": "users.profesion",
    "pk": 47,
    "fields": {
      "nombre": "Ingeniero en Maquinarias Pesadas y Vehículos Automotrices",
      "status": true,
      "created_date": "2022-01-06T19:47:51.402Z"
    }
  },
  {
    "model": "users.profesion",
    "pk": 48,
    "fields": {
      "nombre": "Ingeniero en Maquinarias y Vehículos Automotrices",
      "status": true,
      "created_date": "2022-01-06T19:47:51.405Z"
    }
  },
  {
    "model": "users.profesion",
    "pk": 49,
    "fields": {
      "nombre": "Ingeniero en Metalurgia",
      "status": true,
      "created_date": "2022-01-06T19:47:51.407Z"
    }
  },
  {
    "model": "users.profesion",
    "pk": 50,
    "fields": {
      "nombre": "Ingeniero en Minas",
      "status": true,
      "created_date": "2022-01-06T19:47:51.410Z"
    }
  },
  {
    "model": "users.profesion",
    "pk": 51,
    "fields": {
      "nombre": "Ingeniero en Prevención de Riesgos",
      "status": true,
      "created_date": "2022-01-06T19:47:51.413Z"
    }
  },
  {
    "model": "users.profesion",
    "pk": 52,
    "fields": {
      "nombre": "Ingeniero en Prevención de Riesgos Laborales y Ambientales",
      "status": true,
      "created_date": "2022-01-06T19:47:51.416Z"
    }
  },
  {
    "model": "users.profesion",
    "pk": 53,
    "fields": {
      "nombre": "Ingeniero en Prevención de Riesgos, Calidad y Ambiente",
      "status": true,
      "created_date": "2022-01-06T19:47:51.418Z"
    }
  },
  {
    "model": "users.profesion",
    "pk": 54,
    "fields": {
      "nombre": "Ingeniero en Prevención de Riesgos, mención Medio Ambiente",
      "status": true,
      "created_date": "2022-01-06T19:47:51.421Z"
    }
  },
  {
    "model": "users.profesion",
    "pk": 55,
    "fields": {
      "nombre": "Ingeniero en Proyectos Industriales",
      "status": true,
      "created_date": "2022-01-06T19:47:51.423Z"
    }
  },
  {
    "model": "users.profesion",
    "pk": 56,
    "fields": {
      "nombre": "Ingeniero en Refrigeración",
      "status": true,
      "created_date": "2022-01-06T19:47:51.426Z"
    }
  },
  {
    "model": "users.profesion",
    "pk": 57,
    "fields": {
      "nombre": "Ingeniero Geomensor",
      "status": true,
      "created_date": "2022-01-06T19:47:51.429Z"
    }
  },
  {
    "model": "users.profesion",
    "pk": 58,
    "fields": {
      "nombre": "Ingeniero Mecánico en Mantenimiento Industrial",
      "status": true,
      "created_date": "2022-01-06T19:47:51.432Z"
    }
  },
  {
    "model": "users.profesion",
    "pk": 59,
    "fields": {
      "nombre": "Ingeniero Mecánico en Producción Industrial",
      "status": true,
      "created_date": "2022-01-06T19:47:51.435Z"
    }
  },
  {
    "model": "users.profesion",
    "pk": 60,
    "fields": {
      "nombre": "Kinesiología",
      "status": true,
      "created_date": "2022-01-06T19:47:51.437Z"
    }
  },
  {
    "model": "users.profesion",
    "pk": 61,
    "fields": {
      "nombre": "Licenciada en Gestión Ambiental",
      "status": true,
      "created_date": "2022-01-06T19:47:51.439Z"
    }
  },
  {
    "model": "users.profesion",
    "pk": 62,
    "fields": {
      "nombre": "Licenciado en Química",
      "status": true,
      "created_date": "2022-01-06T19:47:51.442Z"
    }
  },
  {
    "model": "users.profesion",
    "pk": 63,
    "fields": {
      "nombre": "Nutricionista",
      "status": true,
      "created_date": "2022-01-06T19:47:51.445Z"
    }
  },
  {
    "model": "users.profesion",
    "pk": 64,
    "fields": {
      "nombre": "Periodista",
      "status": true,
      "created_date": "2022-01-06T19:47:51.447Z"
    }
  },
  {
    "model": "users.profesion",
    "pk": 65,
    "fields": {
      "nombre": "Técnico Asistente Jurídico",
      "status": true,
      "created_date": "2022-01-06T19:47:51.450Z"
    }
  },
  {
    "model": "users.profesion",
    "pk": 66,
    "fields": {
      "nombre": "Técnico de Nivel Superior en Enfermería",
      "status": true,
      "created_date": "2022-01-06T19:47:51.452Z"
    }
  },
  {
    "model": "users.profesion",
    "pk": 67,
    "fields": {
      "nombre": "Técnico Nivel Medio",
      "status": true,
      "created_date": "2022-01-06T19:47:51.455Z"
    }
  },
  {
    "model": "users.profesion",
    "pk": 68,
    "fields": {
      "nombre": "Técnico Nivel Medio en Dibujo Técnico",
      "status": true,
      "created_date": "2022-01-06T19:47:51.457Z"
    }
  },
  {
    "model": "users.profesion",
    "pk": 69,
    "fields": {
      "nombre": "Técnico Nivel Medio en Electrónica ",
      "status": true,
      "created_date": "2022-01-06T19:47:51.460Z"
    }
  },
  {
    "model": "users.profesion",
    "pk": 70,
    "fields": {
      "nombre": "Técnico Nivel Medio en Electricidad",
      "status": true,
      "created_date": "2022-01-06T19:47:51.463Z"
    }
  },
  {
    "model": "users.profesion",
    "pk": 71,
    "fields": {
      "nombre": "Técnico Nivel Medio en Electromecánica",
      "status": true,
      "created_date": "2022-01-06T19:47:51.466Z"
    }
  },
  {
    "model": "users.profesion",
    "pk": 72,
    "fields": {
      "nombre": "Técnico Nivel Medio en Estructuras Metálicas",
      "status": true,
      "created_date": "2022-01-06T19:47:51.468Z"
    }
  },
  {
    "model": "users.profesion",
    "pk": 73,
    "fields": {
      "nombre": "Técnico Nivel Medio en Máquinas y Herramientas",
      "status": true,
      "created_date": "2022-01-06T19:47:51.471Z"
    }
  },
  {
    "model": "users.profesion",
    "pk": 74,
    "fields": {
      "nombre": "Técnico Nivel Medio en Mecánica",
      "status": true,
      "created_date": "2022-01-06T19:47:51.473Z"
    }
  },
  {
    "model": "users.profesion",
    "pk": 75,
    "fields": {
      "nombre": "Técnico Nivel Medio en Prevención de Riesgos",
      "status": true,
      "created_date": "2022-01-06T19:47:51.476Z"
    }
  },
  {
    "model": "users.profesion",
    "pk": 76,
    "fields": {
      "nombre": "Técnico Nivel Superior em Construcción",
      "status": true,
      "created_date": "2022-01-06T19:47:51.479Z"
    }
  },
  {
    "model": "users.profesion",
    "pk": 77,
    "fields": {
      "nombre": "Técnico Nivel Superior en Administración de Empresas",
      "status": true,
      "created_date": "2022-01-06T19:47:51.481Z"
    }
  },
  {
    "model": "users.profesion",
    "pk": 78,
    "fields": {
      "nombre": "Técnico Nivel Superior en Administración Industrial",
      "status": true,
      "created_date": "2022-01-06T19:47:51.484Z"
    }
  },
  {
    "model": "users.profesion",
    "pk": 79,
    "fields": {
      "nombre": "Técnico Nivel Superior en Automatización y Control Industrial",
      "status": true,
      "created_date": "2022-01-06T19:47:51.486Z"
    }
  },
  {
    "model": "users.profesion",
    "pk": 80,
    "fields": {
      "nombre": "Técnico Nivel Superior en Climatización",
      "status": true,
      "created_date": "2022-01-06T19:47:51.489Z"
    }
  },
  {
    "model": "users.profesion",
    "pk": 81,
    "fields": {
      "nombre": "Técnico Nivel Superior en Computación e Informática",
      "status": true,
      "created_date": "2022-01-06T19:47:51.491Z"
    }
  },
  {
    "model": "users.profesion",
    "pk": 82,
    "fields": {
      "nombre": "Técnico Nivel Superior en Dibujo de Proyectos de Arquitectura e Ingeniero",
      "status": true,
      "created_date": "2022-01-06T19:47:51.495Z"
    }
  },
  {
    "model": "users.profesion",
    "pk": 83,
    "fields": {
      "nombre": "Técnico Nivel Superior en Dibujo Técnico Industrial",
      "status": true,
      "created_date": "2022-01-06T19:47:51.498Z"
    }
  },
  {
    "model": "users.profesion",
    "pk": 84,
    "fields": {
      "nombre": "Técnico Nivel Superior en Electrónica Industrial",
      "status": true,
      "created_date": "2022-01-06T19:47:51.501Z"
    }
  },
  {
    "model": "users.profesion",
    "pk": 85,
    "fields": {
      "nombre": "Técnico Nivel Superior en Electricidad Industrial",
      "status": true,
      "created_date": "2022-01-06T19:47:51.503Z"
    }
  },
  {
    "model": "users.profesion",
    "pk": 86,
    "fields": {
      "nombre": "Técnico Nivel Superior en Electromecánica",
      "status": true,
      "created_date": "2022-01-06T19:47:51.506Z"
    }
  },
  {
    "model": "users.profesion",
    "pk": 87,
    "fields": {
      "nombre": "Técnico Nivel Superior en Explotación de Minas",
      "status": true,
      "created_date": "2022-01-06T19:47:51.508Z"
    }
  },
  {
    "model": "users.profesion",
    "pk": 88,
    "fields": {
      "nombre": "Técnico Nivel Superior en Fabricación y Montaje Industrial",
      "status": true,
      "created_date": "2022-01-06T19:47:51.511Z"
    }
  },
  {
    "model": "users.profesion",
    "pk": 89,
    "fields": {
      "nombre": "Técnico Nivel Superior en Gestión y Control de Calidad",
      "status": true,
      "created_date": "2022-01-06T19:47:51.513Z"
    }
  },
  {
    "model": "users.profesion",
    "pk": 90,
    "fields": {
      "nombre": "Técnico Nivel Superior en Instrumentación y Control Industrial",
      "status": true,
      "created_date": "2022-01-06T19:47:51.516Z"
    }
  },
  {
    "model": "users.profesion",
    "pk": 91,
    "fields": {
      "nombre": "Técnico Nivel Superior en Logística",
      "status": true,
      "created_date": "2022-01-06T19:47:51.518Z"
    }
  },
  {
    "model": "users.profesion",
    "pk": 92,
    "fields": {
      "nombre": "Técnico Nivel Superior en mantenimiento Industrial",
      "status": true,
      "created_date": "2022-01-06T19:47:51.520Z"
    }
  },
  {
    "model": "users.profesion",
    "pk": 93,
    "fields": {
      "nombre": "Técnico Nivel Superior en Mecánica Automotriz",
      "status": true,
      "created_date": "2022-01-06T19:47:51.523Z"
    }
  },
  {
    "model": "users.profesion",
    "pk": 94,
    "fields": {
      "nombre": "Técnico Nivel Superior en Mecánica Diesel e Hidráulica",
      "status": true,
      "created_date": "2022-01-06T19:47:51.527Z"
    }
  },
  {
    "model": "users.profesion",
    "pk": 95,
    "fields": {
      "nombre": "Técnico Nivel Superior en Mecánica Industrial",
      "status": true,
      "created_date": "2022-01-06T19:47:51.530Z"
    }
  },
  {
    "model": "users.profesion",
    "pk": 96,
    "fields": {
      "nombre": "Técnico Nivel Superior en Metalurgia",
      "status": true,
      "created_date": "2022-01-06T19:47:51.532Z"
    }
  },
  {
    "model": "users.profesion",
    "pk": 97,
    "fields": {
      "nombre": "Técnico Nivel Superior en Minería",
      "status": true,
      "created_date": "2022-01-06T19:47:51.535Z"
    }
  },
  {
    "model": "users.profesion",
    "pk": 98,
    "fields": {
      "nombre": "Técnico Nivel Superior en Operaciones Mineras",
      "status": true,
      "created_date": "2022-01-06T19:47:51.537Z"
    }
  },
  {
    "model": "users.profesion",
    "pk": 99,
    "fields": {
      "nombre": "Técnico Nivel Superior en Prevención de Riesgos",
      "status": true,
      "created_date": "2022-01-06T19:47:51.540Z"
    }
  },
  {
    "model": "users.profesion",
    "pk": 100,
    "fields": {
      "nombre": "Técnico Nivel Superior en Refrigeración",
      "status": true,
      "created_date": "2022-01-06T19:47:51.542Z"
    }
  },
  {
    "model": "users.profesion",
    "pk": 101,
    "fields": {
      "nombre": "Técnico Nivel Superior en Topografía",
      "status": true,
      "created_date": "2022-01-06T19:47:51.545Z"
    }
  },
  {
    "model": "users.profesion",
    "pk": 102,
    "fields": {
      "nombre": "Técnico Nivel Superior Forestal",
      "status": true,
      "created_date": "2022-01-06T19:47:51.547Z"
    }
  },
  {
    "model": "users.profesion",
    "pk": 103,
    "fields": {
      "nombre": "Técnico Nivel Superior Laboratorista Químico Minero",
      "status": true,
      "created_date": "2022-01-06T19:47:51.550Z"
    }
  },
  {
    "model": "users.profesion",
    "pk": 104,
    "fields": {
      "nombre": "Técnico Nivel Superior Máquinas y Herramientas",
      "status": true,
      "created_date": "2022-01-06T19:47:51.552Z"
    }
  },
  {
    "model": "users.profesion",
    "pk": 105,
    "fields": {
      "nombre": "Técnico Nivel Superior Mecánico",
      "status": true,
      "created_date": "2022-01-06T19:47:51.554Z"
    }
  },
  {
    "model": "users.profesion",
    "pk": 106,
    "fields": {
      "nombre": "Técnico Nivel Superior Mecánico Automotriz en Maquinaria Pesada",
      "status": true,
      "created_date": "2022-01-06T19:47:51.558Z"
    }
  },
  {
    "model": "users.profesion",
    "pk": 107,
    "fields": {
      "nombre": "Técnico Nivel Superior Mecánico Automotriz en Sistemas Electrónicos",
      "status": true,
      "created_date": "2022-01-06T19:47:51.560Z"
    }
  },
  {
    "model": "users.profesion",
    "pk": 108,
    "fields": {
      "nombre": "Técnico Nivel Superior Mecánico de Precisión",
      "status": true,
      "created_date": "2022-01-06T19:47:51.563Z"
    }
  },
  {
    "model": "users.profesion",
    "pk": 109,
    "fields": {
      "nombre": "Técnico Nivel Superior Mecánico en Producción Industrial",
      "status": true,
      "created_date": "2022-01-06T19:47:51.566Z"
    }
  },
  {
    "model": "users.profesion",
    "pk": 110,
    "fields": {
      "nombre": "Técnico Nivel Superior Operador Plantas Industriales",
      "status": true,
      "created_date": "2022-01-06T19:47:51.568Z"
    }
  },
  {
    "model": "users.profesion",
    "pk": 111,
    "fields": {
      "nombre": "Técnico Universitario Dibujante Proyectista",
      "status": true,
      "created_date": "2022-01-06T19:47:51.570Z"
    }
  },
  {
    "model": "users.profesion",
    "pk": 112,
    "fields": {
      "nombre": "Técnico Universitario en Automatización en Control",
      "status": true,
      "created_date": "2022-01-06T19:47:51.573Z"
    }
  },
  {
    "model": "users.profesion",
    "pk": 113,
    "fields": {
      "nombre": "Técnico Universitario en Construcción",
      "status": true,
      "created_date": "2022-01-06T19:47:51.575Z"
    }
  },
  {
    "model": "users.profesion",
    "pk": 114,
    "fields": {
      "nombre": "Técnico Universitario en Electrónica",
      "status": true,
      "created_date": "2022-01-06T19:47:51.578Z"
    }
  },
  {
    "model": "users.profesion",
    "pk": 115,
    "fields": {
      "nombre": "Técnico Universitario en Electricidad",
      "status": true,
      "created_date": "2022-01-06T19:47:51.580Z"
    }
  },
  {
    "model": "users.profesion",
    "pk": 116,
    "fields": {
      "nombre": "Técnico Universitario en Informática",
      "status": true,
      "created_date": "2022-01-06T19:47:51.583Z"
    }
  },
  {
    "model": "users.profesion",
    "pk": 117,
    "fields": {
      "nombre": "Técnico Universitario en Mecánica Automotriz",
      "status": true,
      "created_date": "2022-01-06T19:47:51.585Z"
    }
  },
  {
    "model": "users.profesion",
    "pk": 118,
    "fields": {
      "nombre": "Técnico Universitario en Mecánica Industrial",
      "status": true,
      "created_date": "2022-01-06T19:47:51.588Z"
    }
  },
  {
    "model": "users.profesion",
    "pk": 119,
    "fields": {
      "nombre": "Técnico Universitario en Prevención de Riesgos",
      "status": true,
      "created_date": "2022-01-06T19:47:51.590Z"
    }
  },
  {
    "model": "users.profesion",
    "pk": 120,
    "fields": {
      "nombre": "Técnico Universitario en Proyectos y Diseño Estructural",
      "status": true,
      "created_date": "2022-01-06T19:47:51.592Z"
    }
  },
  {
    "model": "users.profesion",
    "pk": 121,
    "fields": {
      "nombre": "Técnico Universitario en Química",
      "status": true,
      "created_date": "2022-01-06T19:47:51.596Z"
    }
  },
  {
    "model": "users.profesion",
    "pk": 122,
    "fields": {
      "nombre": "Técnico Universitario en Topografía",
      "status": true,
      "created_date": "2022-01-06T19:47:51.598Z"
    }
  },
  {
    "model": "users.profesion",
    "pk": 123,
    "fields": {
      "nombre": "TENS en Biotecnología Industrial",
      "status": true,
      "created_date": "2022-01-06T19:47:51.601Z"
    }
  },
  {
    "model": "users.profesion",
    "pk": 124,
    "fields": {
      "nombre": "Trabajo Social",
      "status": true,
      "created_date": "2022-01-06T19:47:51.603Z"
    }
  },
  {
    "model": "users.salud",
    "pk": 1,
    "fields": {
      "nombre": "Fonasa",
      "status": true,
      "created_date": "2022-01-06T19:42:03.276Z"
    }
  },
  {
    "model": "users.salud",
    "pk": 2,
    "fields": {
      "nombre": "Isapre Consalud",
      "status": true,
      "created_date": "2022-01-06T19:42:03.280Z"
    }
  },
  {
    "model": "users.salud",
    "pk": 3,
    "fields": {
      "nombre": "Isapre Más Vida",
      "status": true,
      "created_date": "2022-01-06T19:42:03.282Z"
    }
  },
  {
    "model": "users.salud",
    "pk": 4,
    "fields": {
      "nombre": "Isapre Banmédica",
      "status": true,
      "created_date": "2022-01-06T19:42:03.284Z"
    }
  },
  {
    "model": "users.salud",
    "pk": 5,
    "fields": {
      "nombre": "Isapre Colmena Golden Cross",
      "status": true,
      "created_date": "2022-01-06T19:42:03.286Z"
    }
  },
  {
    "model": "users.salud",
    "pk": 6,
    "fields": {
      "nombre": "Isapre Ferrosalud",
      "status": true,
      "created_date": "2022-01-06T19:42:03.289Z"
    }
  },
  {
    "model": "users.salud",
    "pk": 7,
    "fields": {
      "nombre": "Isapre Cruz Blanca",
      "status": true,
      "created_date": "2022-01-06T19:42:03.293Z"
    }
  },
  {
    "model": "users.salud",
    "pk": 8,
    "fields": {
      "nombre": "Isapre Vida Tres",
      "status": true,
      "created_date": "2022-01-06T19:42:03.296Z"
    }
  },
  {
    "model": "users.salud",
    "pk": 9,
    "fields": {
      "nombre": "Isapre Río Blanco",
      "status": true,
      "created_date": "2022-01-06T19:42:03.298Z"
    }
  },
  {
    "model": "users.salud",
    "pk": 10,
    "fields": {
      "nombre": "Isapre Cruz del Norte",
      "status": true,
      "created_date": "2022-01-06T19:42:03.301Z"
    }
  },
  {
    "model": "users.salud",
    "pk": 11,
    "fields": {
      "nombre": "Isapre Fundación",
      "status": true,
      "created_date": "2022-01-06T19:42:03.303Z"
    }
  },
  {
    "model": "users.salud",
    "pk": 12,
    "fields": {
      "nombre": "Isapre Fusat",
      "status": true,
      "created_date": "2022-01-06T19:42:03.305Z"
    }
  },
  {
    "model": "users.salud",
    "pk": 13,
    "fields": {
      "nombre": "Isapre San Lorenzo",
      "status": true,
      "created_date": "2022-01-06T19:42:03.307Z"
    }
  },
  {
    "model": "users.salud",
    "pk": 14,
    "fields": {
      "nombre": "Isapre Chuquicamata",
      "status": true,
      "created_date": "2022-01-06T19:42:03.310Z"
    }
  },
  {
    "model": "users.afp",
    "pk": 1,
    "fields": {
      "nombre": "CAPITAL",
      "tasa": 11.44,
      "status": true,
      "created_date": "2022-01-06T13:43:15.253Z"
    }
  },
  {
    "model": "users.afp",
    "pk": 2,
    "fields": {
      "nombre": "PROVIDA",
      "tasa": 11.45,
      "status": true,
      "created_date": "2022-01-06T13:43:15.257Z"
    }
  },
  {
    "model": "users.afp",
    "pk": 3,
    "fields": {
      "nombre": "HABITAT",
      "tasa": 11.27,
      "status": true,
      "created_date": "2022-01-06T13:43:15.260Z"
    }
  },
  {
    "model": "users.afp",
    "pk": 4,
    "fields": {
      "nombre": "MODELO",
      "tasa": 10.58,
      "status": true,
      "created_date": "2022-01-06T13:43:15.263Z"
    }
  },
  {
    "model": "users.afp",
    "pk": 5,
    "fields": {
      "nombre": "CUPRUM",
      "tasa": 11.44,
      "status": true,
      "created_date": "2022-01-06T13:43:15.266Z"
    }
  },
  {
    "model": "users.afp",
    "pk": 6,
    "fields": {
      "nombre": "IPS - EX CAJA",
      "tasa": 0.0,
      "status": true,
      "created_date": "2022-01-06T13:43:15.269Z"
    }
  },
  {
    "model": "users.afp",
    "pk": 7,
    "fields": {
      "nombre": "PLANVITAL",
      "tasa": 11.16,
      "status": true,
      "created_date": "2022-01-06T13:43:15.271Z"
    }
  },
  {
    "model": "users.afp",
    "pk": 8,
    "fields": {
      "nombre": "*No está en AFP",
      "tasa": 0.0,
      "status": true,
      "created_date": "2022-01-06T13:43:15.274Z"
    }
  },
  {
    "model": "users.afp",
    "pk": 9,
    "fields": {
      "nombre": "PENSIONADO",
      "tasa": 0.0,
      "status": true,
      "created_date": "2022-01-06T13:43:15.277Z"
    }
  },
  {
    "model": "users.afp",
    "pk": 10,
    "fields": {
      "nombre": "UNO",
      "tasa": 10.69,
      "status": true,
      "created_date": "2022-01-06T13:43:15.281Z"
    }
  },
  {
    "model": "users.banco",
    "pk": 1,
    "fields": {
      "nombre": "Ninguno",
      "status": true,
      "codigo": "1",
      "created_date": "2022-01-06T13:49:22.620Z"
    }
  },
  {
    "model": "users.banco",
    "pk": 2,
    "fields": {
      "nombre": "Banco Estado",
      "status": true,
      "codigo": "12",
      "created_date": "2022-01-06T13:49:22.629Z"
    }
  },
  {
    "model": "users.banco",
    "pk": 3,
    "fields": {
      "nombre": "Banco Santander",
      "status": true,
      "codigo": "37",
      "created_date": "2022-01-06T13:49:22.639Z"
    }
  },
  {
    "model": "users.banco",
    "pk": 4,
    "fields": {
      "nombre": "Banco Chile",
      "status": true,
      "codigo": "2",
      "created_date": "2022-01-06T13:49:22.623Z"
    }
  },
  {
    "model": "users.banco",
    "pk": 5,
    "fields": {
      "nombre": "Banco BCI",
      "status": true,
      "codigo": "16",
      "created_date": "2022-01-06T13:49:22.634Z"
    }
  },
  {
    "model": "users.banco",
    "pk": 6,
    "fields": {
      "nombre": "Banco Scotiabank",
      "status": true,
      "codigo": "14",
      "created_date": "2022-01-06T13:49:22.632Z"
    }
  },
  {
    "model": "users.banco",
    "pk": 7,
    "fields": {
      "nombre": "Banco Itaú",
      "status": true,
      "codigo": "39",
      "created_date": "2022-01-06T13:49:22.642Z"
    }
  },
  {
    "model": "users.banco",
    "pk": 8,
    "fields": {
      "nombre": "Banco BBVA",
      "status": true,
      "codigo": "504",
      "created_date": "2022-01-06T13:49:22.651Z"
    }
  },
  {
    "model": "users.banco",
    "pk": 9,
    "fields": {
      "nombre": "Banco Citibank",
      "status": true,
      "codigo": "3",
      "created_date": "2022-01-06T13:49:22.626Z"
    }
  },
  {
    "model": "users.banco",
    "pk": 10,
    "fields": {
      "nombre": "Banco Falabella",
      "status": true,
      "codigo": "51",
      "created_date": "2022-01-06T13:49:22.644Z"
    }
  },
  {
    "model": "users.banco",
    "pk": 11,
    "fields": {
      "nombre": "Banco Ripley",
      "status": true,
      "codigo": "53",
      "created_date": "2022-01-06T13:49:22.646Z"
    }
  },
  {
    "model": "users.banco",
    "pk": 12,
    "fields": {
      "nombre": "Banco BICE",
      "status": true,
      "codigo": "28",
      "created_date": "2022-01-06T13:49:22.637Z"
    }
  },
  {
    "model": "users.banco",
    "pk": 13,
    "fields": {
      "nombre": "Banco Consorcio",
      "status": true,
      "codigo": "55",
      "created_date": "2022-01-06T13:49:22.649Z"
    }
  },
  {
    "model": "users.banco",
    "pk": 14,
    "fields": {
      "nombre": "Banco Coopeuch",
      "status": true,
      "codigo": "672",
      "created_date": "2022-01-06T13:49:22.654Z"
    }
  },
  {
    "model": "users.civil",
    "pk": 1,
    "fields": {
      "nombre": "Soltero(a)",
      "status": true,
      "created_date": "2022-01-06T13:52:57.960Z"
    }
  },
  {
    "model": "users.civil",
    "pk": 2,
    "fields": {
      "nombre": "Casado(a)",
      "status": true,
      "created_date": "2022-01-06T13:52:57.963Z"
    }
  },
  {
    "model": "users.civil",
    "pk": 3,
    "fields": {
      "nombre": "Viudo(a)",
      "status": true,
      "created_date": "2022-01-06T13:52:57.965Z"
    }
  },
  {
    "model": "users.civil",
    "pk": 4,
    "fields": {
      "nombre": "Divorciado(a)",
      "status": true,
      "created_date": "2022-01-06T13:52:57.968Z"
    }
  },
  {
    "model": "users.especialidad",
    "pk": 8,
    "fields": {
      "nombre": "Lubricador",
      "status": true,
      "created_date": "2022-01-06T14:01:02.694Z"
    }
  },
  {
    "model": "users.especialidad",
    "pk": 12,
    "fields": {
      "nombre": "Prevencionista de Riesgos",
      "status": true,
      "created_date": "2022-01-06T14:01:02.717Z"
    }
  },
  {
    "model": "users.especialidad",
    "pk": 13,
    "fields": {
      "nombre": "Planificador",
      "status": true,
      "created_date": "2022-01-06T14:01:02.715Z"
    }
  },
  {
    "model": "users.especialidad",
    "pk": 14,
    "fields": {
      "nombre": "Administrativo",
      "status": true,
      "created_date": "2022-01-06T14:01:02.591Z"
    }
  },
  {
    "model": "users.especialidad",
    "pk": 15,
    "fields": {
      "nombre": "Supervisor Mecánico",
      "status": true,
      "created_date": "2022-01-06T14:01:02.748Z"
    }
  },
  {
    "model": "users.especialidad",
    "pk": 16,
    "fields": {
      "nombre": "Supervisor Eléctrico",
      "status": true,
      "created_date": "2022-01-06T14:01:02.739Z"
    }
  },
  {
    "model": "users.especialidad",
    "pk": 17,
    "fields": {
      "nombre": "Supervisor Electrónico",
      "status": true,
      "created_date": "2022-01-06T14:01:02.743Z"
    }
  },
  {
    "model": "users.especialidad",
    "pk": 18,
    "fields": {
      "nombre": "Supervisor Instrumentista ",
      "status": true,
      "created_date": "2022-01-06T14:01:02.745Z"
    }
  },
  {
    "model": "users.especialidad",
    "pk": 19,
    "fields": {
      "nombre": "Supervisor Obras Civiles",
      "status": true,
      "created_date": "2022-01-06T14:01:02.750Z"
    }
  },
  {
    "model": "users.especialidad",
    "pk": 22,
    "fields": {
      "nombre": "Conductor",
      "status": true,
      "created_date": "2022-01-06T14:01:02.623Z"
    }
  },
  {
    "model": "users.especialidad",
    "pk": 28,
    "fields": {
      "nombre": "Secretaria",
      "status": true,
      "created_date": "2022-01-06T14:01:02.724Z"
    }
  },
  {
    "model": "users.especialidad",
    "pk": 32,
    "fields": {
      "nombre": "Supervisor Electrocontrol",
      "status": true,
      "created_date": "2022-01-06T14:01:02.741Z"
    }
  },
  {
    "model": "users.especialidad",
    "pk": 40,
    "fields": {
      "nombre": "Electrónico",
      "status": true,
      "created_date": "2022-01-06T14:01:02.656Z"
    }
  },
  {
    "model": "users.especialidad",
    "pk": 42,
    "fields": {
      "nombre": "Tornero",
      "status": true,
      "created_date": "2022-01-06T14:01:02.760Z"
    }
  },
  {
    "model": "users.especialidad",
    "pk": 48,
    "fields": {
      "nombre": "Electromecánico",
      "status": true,
      "created_date": "2022-01-06T14:01:02.654Z"
    }
  },
  {
    "model": "users.especialidad",
    "pk": 49,
    "fields": {
      "nombre": "Dibujo Técnico",
      "status": true,
      "created_date": "2022-01-06T14:01:02.640Z"
    }
  },
  {
    "model": "users.especialidad",
    "pk": 51,
    "fields": {
      "nombre": "Arquitectura",
      "status": true,
      "created_date": "2022-01-06T14:01:02.604Z"
    }
  },
  {
    "model": "users.especialidad",
    "pk": 55,
    "fields": {
      "nombre": "Computación / Informática",
      "status": true,
      "created_date": "2022-01-06T14:01:02.620Z"
    }
  },
  {
    "model": "users.especialidad",
    "pk": 56,
    "fields": {
      "nombre": "Construcción",
      "status": true,
      "created_date": "2022-01-06T14:01:02.625Z"
    }
  },
  {
    "model": "users.especialidad",
    "pk": 57,
    "fields": {
      "nombre": "Gestión de Calidad",
      "status": true,
      "created_date": "2022-01-06T14:01:02.662Z"
    }
  },
  {
    "model": "users.especialidad",
    "pk": 58,
    "fields": {
      "nombre": "Control de Gestión",
      "status": true,
      "created_date": "2022-01-06T14:01:02.631Z"
    }
  },
  {
    "model": "users.especialidad",
    "pk": 59,
    "fields": {
      "nombre": "Digitación",
      "status": true,
      "created_date": "2022-01-06T14:01:02.642Z"
    }
  },
  {
    "model": "users.especialidad",
    "pk": 60,
    "fields": {
      "nombre": "Educación / Docencia",
      "status": true,
      "created_date": "2022-01-06T14:01:02.644Z"
    }
  },
  {
    "model": "users.especialidad",
    "pk": 69,
    "fields": {
      "nombre": "Mecánico",
      "status": true,
      "created_date": "2022-01-06T14:01:02.701Z"
    }
  },
  {
    "model": "users.especialidad",
    "pk": 73,
    "fields": {
      "nombre": "Eléctrico",
      "status": true,
      "created_date": "2022-01-06T14:01:02.646Z"
    }
  },
  {
    "model": "users.especialidad",
    "pk": 85,
    "fields": {
      "nombre": "Operador Rigger",
      "status": true,
      "created_date": "2022-01-06T14:01:02.710Z"
    }
  },
  {
    "model": "users.especialidad",
    "pk": 86,
    "fields": {
      "nombre": "Ascensorista",
      "status": true,
      "created_date": "2022-01-06T14:01:02.607Z"
    }
  },
  {
    "model": "users.especialidad",
    "pk": 87,
    "fields": {
      "nombre": "Ingeniero Apoyo",
      "status": true,
      "created_date": "2022-01-06T14:01:02.665Z"
    }
  },
  {
    "model": "users.especialidad",
    "pk": 89,
    "fields": {
      "nombre": "Analista Químico",
      "status": true,
      "created_date": "2022-01-06T14:01:02.596Z"
    }
  },
  {
    "model": "users.especialidad",
    "pk": 92,
    "fields": {
      "nombre": "Supervisor Administrativo",
      "status": true,
      "created_date": "2022-01-06T14:01:02.728Z"
    }
  },
  {
    "model": "users.especialidad",
    "pk": 98,
    "fields": {
      "nombre": "Supervisor Calderero",
      "status": true,
      "created_date": "2022-01-06T14:01:02.735Z"
    }
  },
  {
    "model": "users.especialidad",
    "pk": 101,
    "fields": {
      "nombre": "Supervisor Apoyo",
      "status": true,
      "created_date": "2022-01-06T14:01:02.732Z"
    }
  },
  {
    "model": "users.especialidad",
    "pk": 102,
    "fields": {
      "nombre": "Contador Auditor",
      "status": true,
      "created_date": "2022-01-06T14:01:02.627Z"
    }
  },
  {
    "model": "users.especialidad",
    "pk": 103,
    "fields": {
      "nombre": "Bodeguero",
      "status": true,
      "created_date": "2022-01-06T14:01:02.613Z"
    }
  },
  {
    "model": "users.especialidad",
    "pk": 105,
    "fields": {
      "nombre": "Despachador",
      "status": true,
      "created_date": "2022-01-06T14:01:02.638Z"
    }
  },
  {
    "model": "users.especialidad",
    "pk": 108,
    "fields": {
      "nombre": "Inspector Sintomático",
      "status": true,
      "created_date": "2022-01-06T14:01:02.679Z"
    }
  },
  {
    "model": "users.especialidad",
    "pk": 112,
    "fields": {
      "nombre": "Andamista",
      "status": true,
      "created_date": "2022-01-06T14:01:02.599Z"
    }
  },
  {
    "model": "users.especialidad",
    "pk": 114,
    "fields": {
      "nombre": "Electrocontrol",
      "status": true,
      "created_date": "2022-01-06T14:01:02.651Z"
    }
  },
  {
    "model": "users.especialidad",
    "pk": 115,
    "fields": {
      "nombre": "Bloqueador (Encargado De Bloqueo)",
      "status": true,
      "created_date": "2022-01-06T14:01:02.611Z"
    }
  },
  {
    "model": "users.especialidad",
    "pk": 118,
    "fields": {
      "nombre": "Alarife",
      "status": true,
      "created_date": "2022-01-06T14:01:02.594Z"
    }
  },
  {
    "model": "users.especialidad",
    "pk": 123,
    "fields": {
      "nombre": "Kinesiólogo/a",
      "status": true,
      "created_date": "2022-01-06T14:01:02.689Z"
    }
  },
  {
    "model": "users.especialidad",
    "pk": 124,
    "fields": {
      "nombre": "Apoyo Seguridad",
      "status": true,
      "created_date": "2022-01-06T14:01:02.601Z"
    }
  },
  {
    "model": "users.especialidad",
    "pk": 139,
    "fields": {
      "nombre": "Tarjetero Capturador",
      "status": true,
      "created_date": "2022-01-06T14:01:02.753Z"
    }
  },
  {
    "model": "users.especialidad",
    "pk": 141,
    "fields": {
      "nombre": "Inspector Calidad",
      "status": true,
      "created_date": "2022-01-06T14:01:02.675Z"
    }
  },
  {
    "model": "users.especialidad",
    "pk": 150,
    "fields": {
      "nombre": "Clasificador",
      "status": true,
      "created_date": "2022-01-06T14:01:02.618Z"
    }
  },
  {
    "model": "users.especialidad",
    "pk": 153,
    "fields": {
      "nombre": "Eléctrico Flota",
      "status": true,
      "created_date": "2022-01-06T14:01:02.649Z"
    }
  },
  {
    "model": "users.especialidad",
    "pk": 154,
    "fields": {
      "nombre": "Electrónico Flota",
      "status": true,
      "created_date": "2022-01-06T14:01:02.658Z"
    }
  },
  {
    "model": "users.especialidad",
    "pk": 155,
    "fields": {
      "nombre": "Mecánico Combustión Flota",
      "status": true,
      "created_date": "2022-01-06T14:01:02.704Z"
    }
  },
  {
    "model": "users.especialidad",
    "pk": 156,
    "fields": {
      "nombre": "Técnico Refrigeración",
      "status": true,
      "created_date": "2022-01-06T14:01:02.756Z"
    }
  },
  {
    "model": "users.especialidad",
    "pk": 158,
    "fields": {
      "nombre": "Psicólogo/a",
      "status": true,
      "created_date": "2022-01-06T14:01:02.719Z"
    }
  },
  {
    "model": "users.especialidad",
    "pk": 159,
    "fields": {
      "nombre": "Calderero",
      "status": true,
      "created_date": "2022-01-06T14:01:02.616Z"
    }
  },
  {
    "model": "users.especialidad",
    "pk": 165,
    "fields": {
      "nombre": "Instrumentista",
      "status": true,
      "created_date": "2022-01-06T14:01:02.682Z"
    }
  },
  {
    "model": "users.especialidad",
    "pk": 184,
    "fields": {
      "nombre": "Laboratorista Biomasa",
      "status": true,
      "created_date": "2022-01-06T14:01:02.692Z"
    }
  },
  {
    "model": "users.especialidad",
    "pk": 185,
    "fields": {
      "nombre": "Ayudante de Producción",
      "status": true,
      "created_date": "2022-01-06T14:01:02.609Z"
    }
  },
  {
    "model": "users.especialidad",
    "pk": 194,
    "fields": {
      "nombre": "Traductor",
      "status": true,
      "created_date": "2022-01-06T14:01:02.765Z"
    }
  },
  {
    "model": "users.especialidad",
    "pk": 203,
    "fields": {
      "nombre": "Operador Logística",
      "status": true,
      "created_date": "2022-01-06T14:01:02.708Z"
    }
  },
  {
    "model": "users.especialidad",
    "pk": 207,
    "fields": {
      "nombre": "Turbinero",
      "status": true,
      "created_date": "2022-01-06T14:01:02.767Z"
    }
  },
  {
    "model": "users.especialidad",
    "pk": 209,
    "fields": {
      "nombre": "Trabajadora Social",
      "status": true,
      "created_date": "2022-01-06T14:01:02.762Z"
    }
  },
  {
    "model": "users.especialidad",
    "pk": 217,
    "fields": {
      "nombre": "Control de Producción",
      "status": true,
      "created_date": "2022-01-06T14:01:02.633Z"
    }
  },
  {
    "model": "users.especialidad",
    "pk": 220,
    "fields": {
      "nombre": "Inspector de Seguridad",
      "status": true,
      "created_date": "2022-01-06T14:01:02.677Z"
    }
  },
  {
    "model": "users.especialidad",
    "pk": 221,
    "fields": {
      "nombre": "Ingeniero Proyectista",
      "status": true,
      "created_date": "2022-01-06T14:01:02.673Z"
    }
  },
  {
    "model": "users.especialidad",
    "pk": 223,
    "fields": {
      "nombre": "Ingeniero Civil Químico",
      "status": true,
      "created_date": "2022-01-06T14:01:02.667Z"
    }
  },
  {
    "model": "users.especialidad",
    "pk": 225,
    "fields": {
      "nombre": "Topógrafo",
      "status": true,
      "created_date": "2022-01-06T14:01:02.758Z"
    }
  },
  {
    "model": "users.especialidad",
    "pk": 226,
    "fields": {
      "nombre": "Ingeniero Medioambiental",
      "status": true,
      "created_date": "2022-01-06T14:01:02.670Z"
    }
  },
  {
    "model": "users.especialidad",
    "pk": 227,
    "fields": {
      "nombre": "Soldador",
      "status": true,
      "created_date": "2022-01-06T14:01:02.726Z"
    }
  },
  {
    "model": "users.especialidad",
    "pk": 228,
    "fields": {
      "nombre": "Descargador de Químicos",
      "status": true,
      "created_date": "2022-01-06T14:01:02.635Z"
    }
  },
  {
    "model": "users.especialidad",
    "pk": 229,
    "fields": {
      "nombre": "Operador de Equipos Móviles",
      "status": true,
      "created_date": "2022-01-06T14:01:02.706Z"
    }
  },
  {
    "model": "users.especialidad",
    "pk": 230,
    "fields": {
      "nombre": "Jefe de Obra",
      "status": true,
      "created_date": "2022-01-06T14:01:02.684Z"
    }
  },
  {
    "model": "users.especialidad",
    "pk": 231,
    "fields": {
      "nombre": "Maestro Primera",
      "status": true,
      "created_date": "2022-01-06T14:01:02.696Z"
    }
  },
  {
    "model": "users.especialidad",
    "pk": 232,
    "fields": {
      "nombre": "Maestro Segunda",
      "status": true,
      "created_date": "2022-01-06T14:01:02.698Z"
    }
  },
  {
    "model": "users.especialidad",
    "pk": 233,
    "fields": {
      "nombre": "Residente",
      "status": true,
      "created_date": "2022-01-06T14:01:02.722Z"
    }
  },
  {
    "model": "users.especialidad",
    "pk": 234,
    "fields": {
      "nombre": "Jornal",
      "status": true,
      "created_date": "2022-01-06T14:01:02.686Z"
    }
  },
  {
    "model": "users.especialidad",
    "pk": 235,
    "fields": {
      "nombre": "Viveristas",
      "status": true,
      "created_date": "2022-01-06T14:01:02.770Z"
    }
  },
  {
    "model": "users.especialidad",
    "pk": 237,
    "fields": {
      "nombre": "Paramédico",
      "status": true,
      "created_date": "2022-01-06T14:01:02.712Z"
    }
  },
  {
    "model": "users.especialidad",
    "pk": 238,
    "fields": {
      "nombre": "Enfermera",
      "status": true,
      "created_date": "2022-01-06T14:01:02.660Z"
    }
  },
  {
    "model": "users.sexo",
    "pk": 1,
    "fields": {
      "nombre": "Masculino",
      "status": true,
      "created_date": "2022-01-06T13:29:32.913Z"
    }
  },
  {
    "model": "users.sexo",
    "pk": 2,
    "fields": {
      "nombre": "Femenino",
      "status": true,
      "created_date": "2022-01-06T13:29:38.545Z"
    }
  },
  {
    "model": "users.tipoarchivo",
    "pk": 1,
    "fields": {
      "nombre": "Certificado de AFP",
      "status": true,
      "created_date": "2022-01-06T13:29:38.545Z"
    }
  },
  {
    "model": "users.tipoarchivo",
    "pk": 2,
    "fields": {
      "nombre": "Certificado de Salud",
      "status": true,
      "created_date": "2022-01-06T13:29:38.545Z"
    }
  },
  {
    "model": "users.tipoarchivo",
    "pk": 3,
    "fields": {
      "nombre": "Certificado de Matrimonio",
      "status": true,
      "created_date": "2022-01-06T13:29:38.545Z"
    }
  },
  {
    "model": "users.tipoarchivo",
    "pk": 4,
    "fields": {
      "nombre": "Certificado de Nacimiento",
      "status": true,
      "created_date": "2022-01-06T13:29:38.545Z"
    }
  },
  {
    "model": "users.tipocta",
    "pk": 1,
    "fields": {
      "nombre": "Cuenta Corriente",
      "status": true,
      "created_date": "2022-01-06T13:29:38.545Z"
    }
  },
  {
    "model": "users.tipocta",
    "pk": 2,
    "fields": {
      "nombre": "Cuenta Ahorro",
      "status": true,
      "created_date": "2022-01-06T13:29:38.545Z"
    }
  },
  {
    "model": "users.tipocta",
    "pk": 3,
    "fields": {
      "nombre": "Cuenta Vista",
      "status": true,
      "created_date": "2022-01-06T13:29:38.545Z"
    }
  },
  {
    "model": "users.tipocta",
    "pk": 4,
    "fields": {
      "nombre": "Chequera Electrónica",
      "status": true,
      "created_date": "2022-01-06T13:29:38.545Z"
    }
  },
  {
    "model": "users.tipocta",
    "pk": 5,
    "fields": {
      "nombre": "Cuenta Rut",
      "status": true,
      "created_date": "2022-01-06T13:29:38.545Z"
    }
  },
  {
    "model": "requerimientos.causal",
    "pk": 1,
    "fields": {
      "nombre": "A",
      "descripcion": "Artículo 183-Ñ, Letra A, del Código del Trabajo: esto es suspensión del contrato de trabajo o de la obligación de prestar servicios, según corresponda, de uno o mas trabajadores por licencias mÚdicas, descansos de maternidad o feriados",
      "created_date": "2022-01-25T15:26:09.779Z"
    }
  },
  {
    "model": "requerimientos.causal",
    "pk": 2,
    "fields": {
      "nombre": "B",
      "descripcion": "Artículo 183-Ñ, Letra B, del Código del Trabajo",
      "status": true,
      "created_date": "2022-01-25T15:26:21.035Z"
    }
  },
  {
    "model": "requerimientos.causal",
    "pk": 3,
    "fields": {
      "nombre": "C",
      "descripcion": "Artículo 183-Ñ, Letra C, del Código del Trabajo: proyectos nuevos y específicos de la usuaria, tales como la construcción de nuevas instalaciones, la ampliación de las ya existentes o expansión a nuevos mercados",
      "status": true,
      "created_date": "2022-01-25T15:26:32.751Z"
    }
  },
  {
    "model": "requerimientos.causal",
    "pk": 4,
    "fields": {
      "nombre": "D",
      "descripcion": "Artículo 183-Ñ, Letra D, del Código del Trabajo",
      "status": true,
      "created_date": "2022-01-25T15:26:44.016Z"
    }
  },
  {
    "model": "requerimientos.causal",
    "pk": 5,
    "fields": {
      "nombre": "E",
      "descripcion": "Artículo 183-Ñ, Letra E, del Código del Trabajo: aumentos ocasionales sean o no periódicos o extraordinarios de actividad en una determinada sección, faena o establecimientos de la usuaria",
      "status": true,
      "created_date": "2022-01-25T15:26:53.285Z"
    }
  },
  {
    "model": "utils.gratificacion",
    "pk": 1,
    "fields": {
      "nombre": "Gratificación Garantizada",
      "descripcion": "Descripción de gratificación garantizada",
      "status": true,
      "created_date": "2022-01-24T15:27:24.719Z"
    }
  },
  {
    "model": "utils.gratificacion",
    "pk": 2,
    "fields": {
      "nombre": "Gratificacion 25%",
      "descripcion": "Más una gratificación mensual de un 25% sobre el sueldo con tope de 1/12 de 4,75 I.M.M.",
      "status": true,
      "created_date": "2022-01-24T15:28:11.636Z"
    }
  },
  {
    "model": "utils.gratificacion",
    "pk": 3,
    "fields": {
      "nombre": "Gratificacion Proporcional",
      "descripcion": "Se conviene pagar durante la vigencia del presente Contrato, una gratificación bruta mensual equivalente a 1/12 de 4,75 I.M.M. Esta gratificación se pagará en proporción a la permanencia del trabajador con contrato vigente durante el a±o calendario.",
      "status": true,
      "created_date": "2022-01-24T15:29:35.126Z"
    }
  },
  {
    "model": "utils.bono",
    "pk": 1,
    "fields": {
      "nombre": "Bono Presentimo",
      "descripcion": "El presentismo laboral responde a una situación o momento de crisis general que impacta en el comportamiento de los colaboradores.",
      "status": true,
      "created_date": "2022-01-24T15:36:37.502Z"
    }
  },
  {
    "model": "utils.bono",
    "pk": 2,
    "fields": {
      "nombre": "Bono Nocturno",
      "descripcion": "La jornada nocturna será pagada con un 30% de recargo, por lo menos, sobre el salario convenido para la jornada diurna (art. 117 LOTTT).",
      "status": true,
      "created_date": "2022-01-24T15:37:43.838Z"
    }
  },
{
  "model": "clientes.cliente",
  "pk": 1,
  "fields": {
    "created": "2022-01-24T15:05:24.937Z",
    "created_by": 1,
    "modified": "2022-01-26T14:58:33.432Z",
    "modified_by": 1,
    "rut": "76.454.970-0",
    "razon_social": "DISTRIBUIDORA Y COMERCIAL PROVIMARKET LTDA.",
    "giro": "Venta al por menor en comercios de alimentos, bebidas o tabaco (Supermercado)",
    "abreviatura": "DCPL",
    "email": "provimarket@yopmail.com",
    "telefono": null,
    "region": 5,
    "provincia": 12,
    "ciudad": 47,
    "direccion": "Calle Monta±a #800, Viña del Mar",
    "status": true,
    "area": [
      42,
      63,
      161,
      162
    ],
    "cargo": [
      81,
      121,
      387,
      467,
      468
    ],
    "horario": [
      1,
      2,
      3,
      4,
      5,
      6,
      7,
      8,
      9
    ]
  }
},
{
  "model": "clientes.cliente",
  "pk": 2,
  "fields": {
    "created": "2022-01-24T18:08:32.387Z",
    "created_by": 1,
    "modified": "2022-01-26T14:59:19.504Z",
    "modified_by": 1,
    "rut": "76.361.688-6",
    "razon_social": "Marina del Sol Chillán S.A.",
    "giro": "Sin Giro",
    "abreviatura": "MSCS",
    "email": "marina.chillan@yopmail.com",
    "telefono": null,
    "region": 8,
    "provincia": 29,
    "ciudad": 142,
    "direccion": "Variante Nahueltoro #251",
    "status": true,
    "area": [
      2,
      3,
      4,
      7,
      69
    ],
    "cargo": [
      58,
      81,
      93,
      381,
      402,
      467
    ],
    "horario": [
      1
    ]
  }
},
{
  "model": "clientes.cliente",
  "pk": 3,
  "fields": {
    "created": "2022-01-24T18:14:02.953Z",
    "created_by": 1,
    "modified": "2022-01-26T14:59:30.106Z",
    "modified_by": 1,
    "rut": "77.023.508-1",
    "razon_social": "Hotelera Marina del Sol Chillán S.A.",
    "giro": "Sin Giro",
    "abreviatura": "HMSC",
    "email": "maria.pilar@yopmail.com",
    "telefono": null,
    "region": 8,
    "provincia": 29,
    "ciudad": 142,
    "direccion": "Variante Nahueltoro # 251",
    "status": true,
    "area": [
      2,
      4
    ],
    "cargo": [
      381,
      467
    ],
    "horario": [
      1,
      3
    ]
  }
},
{
  "model": "clientes.cliente",
  "pk": 4,
  "fields": {
    "created": "2022-01-24T18:40:26.200Z",
    "created_by": 1,
    "modified": "2022-01-26T14:59:38.523Z",
    "modified_by": 1,
    "rut": "77.177.430-K",
    "razon_social": "ALIMENTOS SAN MARTIN SPA.",
    "giro": "Actividades de Restaurante y Servicios Móviles de Comida",
    "abreviatura": "ASMS",
    "email": "a.san.martin@yopmail.com",
    "telefono": null,
    "region": 13,
    "provincia": 46,
    "ciudad": 322,
    "direccion": "Luis Pasteur 5280, oficina 301, Vitacura, comuna de Santiago",
    "status": true,
    "area": [
      1
    ],
    "cargo": [
      338
    ],
    "horario": [
      1,
      2,
      3
    ]
  }
},
{
  "model": "clientes.negocio",
  "pk": 1,
  "fields": {
    "created": "2022-01-24T15:22:34.619Z",
    "created_by": 1,
    "modified": "2022-01-24T15:22:34.619Z",
    "modified_by": 1,
    "nombre": "Provimarket",
    "descripcion": "Cadena de supermercados de la quinta región, presentes en Valparaíso, Casablanca, Viña del Mar, Quilpué y Limache ...",
    "cliente": 1,
    "archivo": "archivo_negocio/Negocio_Provimarket.pdf",
    "status": true,
    "created_date": "2022-01-24T15:22:34.615Z"
  }
},
{
  "model": "clientes.negocio",
  "pk": 2,
  "fields": {
    "created": "2022-01-24T18:19:10.868Z",
    "created_by": 1,
    "modified": "2022-01-24T18:22:48.753Z",
    "modified_by": 1,
    "nombre": "Marina del Sol Chillán",
    "descripcion": "Marina del Sol nace de la iniciativa de una de las empresas inmobiliarias penquistas más antigua y con mayor prestigio en la zona, Empresas Valmar S.A.",
    "cliente": 2,
    "archivo": "archivo_negocio/Marina_contrato.pdf",
    "status": true,
    "created_date": "2022-01-24T18:19:10.859Z"
  }
},
{
  "model": "clientes.negocio",
  "pk": 3,
  "fields": {
    "created": "2022-01-24T18:42:34.255Z",
    "created_by": 1,
    "modified": "2022-01-24T18:42:34.255Z",
    "modified_by": 1,
    "nombre": "Alimentos San Martin",
    "descripcion": "Alimentos San Martín es la empresa que agrupa y administra la cadena de 15 restaurantes que posee el holding AB Group. El primer local que marcaría su historia",
    "cliente": 4,
    "archivo": "archivo_negocio/alimentos_san_martin.pdf",
    "status": true,
    "created_date": "2022-01-24T18:42:34.254Z"
  }
},
{
  "model": "clientes.planta",
  "pk": 1,
  "fields": {
    "rut": "",
    "nombre": "Provimarket (Arlegui)",
    "rut_gerente": "8.248.929-0",
    "nombre_gerente": "Fabiola Barrientos Campillo",
    "direccion_gerente": "Arlegui No 1102",
    "telefono": null,
    "email": "p.arlegui@yopmail.com",
    "negocio": 1,
    "cliente": 1,
    "gratificacion": 2,
    "region": 5,
    "provincia": 12,
    "ciudad": 47,
    "direccion": "Arlegui No 1102",
    "status": true,
    "examen": [
      1,
      2
    ],
    "bono": [
      1,
      2
    ]
  }
},
{
  "model": "clientes.planta",
  "pk": 2,
  "fields": {
    "rut": "",
    "nombre": "Provimarket (Limache)",
    "rut_gerente": "8.248.929-0",
    "nombre_gerente": "Fabiola Barrientos Campillo",
    "direccion_gerente": "Avenida Republica No 1267",
    "telefono": null,
    "email": "p.limache@yopmail.com",
    "negocio": 1,
    "cliente": 1,
    "gratificacion": 2,
    "region": 5,
    "provincia": 12,
    "ciudad": 76,
    "direccion": "Avenida Republica No 1267",
    "status": true,
    "examen": [
      1,
      2
    ],
    "bono": [
      1,
      2
    ]
  }
},
{
  "model": "clientes.planta",
  "pk": 3,
  "fields": {
    "rut": "",
    "nombre": "Provimarket (Quillota)",
    "rut_gerente": "8.248.929-0",
    "nombre_gerente": "Fabiola Barrientos Campillo",
    "direccion_gerente": "Calle Quillota No 028",
    "telefono": null,
    "email": "p.quillota@yopmail.com",
    "negocio": 1,
    "cliente": 1,
    "gratificacion": 2,
    "region": 5,
    "provincia": 12,
    "ciudad": 58,
    "direccion": "Calle Quillota No 028",
    "status": true,
    "examen": [
      1,
      2
    ],
    "bono": [
      1,
      2
    ]
  }
},
{
  "model": "clientes.planta",
  "pk": 4,
  "fields": {
    "rut": "",
    "nombre": "Marina del Sol Chillán S.A.",
    "rut_gerente": "6.535.743-7",
    "nombre_gerente": "Juan Ignacio Ugarte Jordana",
    "direccion_gerente": "Variante Nahueltoro #251",
    "telefono": null,
    "email": "u.juan@yopmail.com",
    "negocio": 2,
    "cliente": 2,
    "gratificacion": 2,
    "region": 8,
    "provincia": 29,
    "ciudad": 142,
    "direccion": "Variante Nahueltoro #251",
    "status": true,
    "examen": [
      2
    ],
    "bono": [
      1
    ]
  }
},
{
  "model": "clientes.planta",
  "pk": 5,
  "fields": {
    "rut": "",
    "nombre": "Alimentos San Martín SPA - Santiago",
    "rut_gerente": "12.329.589-7",
    "nombre_gerente": "Rafael Antonio Salgado Salgado",
    "direccion_gerente": "Luis Pasteur 5280, oficina 301",
    "telefono": null,
    "email": "rafael@yopmail.com",
    "negocio": 3,
    "cliente": 4,
    "gratificacion": 2,
    "region": 12,
    "provincia": 46,
    "ciudad": 322,
    "direccion": "Luis Pasteur 5280, oficina 301, Vitacura, comuna de Santiago",
    "status": true,
    "examen": [
      1,
      2
    ],
    "bono": [
      1
    ]
  }
},
{
  "model": "clientes.planta",
  "pk": 6,
  "fields": {
    "rut": "",
    "nombre": "Alimentos San Martín SPA - Viña del Mar",
    "rut_gerente": "12.329.589-8",
    "nombre_gerente": "Rafael Antonio Salgado Salgado",
    "direccion_gerente": "Calle Limache 4865",
    "telefono": null,
    "email": "asm_vdelmar@yopmail.com",
    "negocio": 3,
    "cliente": 4,
    "gratificacion": 2,
    "region": 5,
    "provincia": 12,
    "ciudad": 47,
    "direccion": "Calle Limache 4865",
    "status": true,
    "examen": [
      1,
      2
    ],
    "bono": [
      1
    ]
  }
},
  {
    "model": "utils.region",
    "pk": 1,
    "fields": {
      "nombre": "Región de Tarapacá",
      "status": true,
      "created_date": "2022-01-06T19:15:31.718Z"
    }
  },
  {
    "model": "utils.region",
    "pk": 2,
    "fields": {
      "nombre": "Región de Antofagasta",
      "status": true,
      "created_date": "2022-01-06T19:15:31.721Z"
    }
  },
  {
    "model": "utils.region",
    "pk": 3,
    "fields": {
      "nombre": "Región de Atacama",
      "status": true,
      "created_date": "2022-01-06T19:15:31.724Z"
    }
  },
  {
    "model": "utils.region",
    "pk": 4,
    "fields": {
      "nombre": "Región de Coquimbo",
      "status": true,
      "created_date": "2022-01-06T19:15:31.727Z"
    }
  },
  {
    "model": "utils.region",
    "pk": 5,
    "fields": {
      "nombre": "Región de Valparaíso",
      "status": true,
      "created_date": "2022-01-06T19:15:31.730Z"
    }
  },
  {
    "model": "utils.region",
    "pk": 6,
    "fields": {
      "nombre": "Región de O'Higgins",
      "status": true,
      "created_date": "2022-01-06T19:15:31.732Z"
    }
  },
  {
    "model": "utils.region",
    "pk": 7,
    "fields": {
      "nombre": "Región del Maule",
      "status": true,
      "created_date": "2022-01-06T19:15:31.735Z"
    }
  },
  {
    "model": "utils.region",
    "pk": 8,
    "fields": {
      "nombre": "Región del BíoBío",
      "status": true,
      "created_date": "2022-01-06T19:15:31.738Z"
    }
  },
  {
    "model": "utils.region",
    "pk": 9,
    "fields": {
      "nombre": "Región de la Araucanía",
      "status": true,
      "created_date": "2022-01-06T19:15:31.741Z"
    }
  },
  {
    "model": "utils.region",
    "pk": 10,
    "fields": {
      "nombre": "Región de Los Lagos",
      "status": true,
      "created_date": "2022-01-06T19:15:31.743Z"
    }
  },
  {
    "model": "utils.region",
    "pk": 11,
    "fields": {
      "nombre": "Región de Aysén",
      "status": true,
      "created_date": "2022-01-06T19:15:31.746Z"
    }
  },
  {
    "model": "utils.region",
    "pk": 12,
    "fields": {
      "nombre": "Región de Magallanes",
      "status": true,
      "created_date": "2022-01-06T19:15:31.748Z"
    }
  },
  {
    "model": "utils.region",
    "pk": 13,
    "fields": {
      "nombre": "Región Metropolitana",
      "status": true,
      "created_date": "2022-01-06T19:15:31.751Z"
    }
  },
  {
    "model": "utils.region",
    "pk": 14,
    "fields": {
      "nombre": "Región de los Ríos",
      "status": true,
      "created_date": "2022-01-06T19:15:31.754Z"
    }
  },
  {
    "model": "utils.region",
    "pk": 15,
    "fields": {
      "nombre": "Región de Arica y Parinacota",
      "status": true,
      "created_date": "2022-01-06T19:15:31.756Z"
    }
  },
  {
    "model": "utils.region",
    "pk": 16,
    "fields": {
      "nombre": "Región del Ñuble",
      "status": true,
      "created_date": "2022-01-06T19:15:31.759Z"
    }
  },
  {
    "model": "utils.provincia",
    "pk": 1,
    "fields": {
      "region": 1,
      "nombre": "Iquique",
      "status": true,
      "created_date": "2022-01-06T19:34:47.366Z"
    }
  },
  {
    "model": "utils.provincia",
    "pk": 2,
    "fields": {
      "region": 1,
      "nombre": "Tamarugal",
      "status": true,
      "created_date": "2022-01-06T19:34:47.370Z"
    }
  },
  {
    "model": "utils.provincia",
    "pk": 3,
    "fields": {
      "region": 2,
      "nombre": "Antofagasta",
      "status": true,
      "created_date": "2022-01-06T19:34:47.373Z"
    }
  },
  {
    "model": "utils.provincia",
    "pk": 4,
    "fields": {
      "region": 2,
      "nombre": "El Loa",
      "status": true,
      "created_date": "2022-01-06T19:34:47.376Z"
    }
  },
  {
    "model": "utils.provincia",
    "pk": 5,
    "fields": {
      "region": 2,
      "nombre": "Tocopilla",
      "status": true,
      "created_date": "2022-01-06T19:34:47.448Z"
    }
  },
  {
    "model": "utils.provincia",
    "pk": 6,
    "fields": {
      "region": 3,
      "nombre": "Copiapó",
      "status": true,
      "created_date": "2022-01-06T19:34:47.451Z"
    }
  },
  {
    "model": "utils.provincia",
    "pk": 7,
    "fields": {
      "region": 3,
      "nombre": "Chañaral",
      "status": true,
      "created_date": "2022-01-06T19:34:47.284Z"
    }
  },
  {
    "model": "utils.provincia",
    "pk": 8,
    "fields": {
      "region": 3,
      "nombre": "Huasco",
      "status": true,
      "created_date": "2022-01-06T19:34:47.290Z"
    }
  },
  {
    "model": "utils.provincia",
    "pk": 9,
    "fields": {
      "region": 4,
      "nombre": "Elqui",
      "status": true,
      "created_date": "2022-01-06T19:34:47.293Z"
    }
  },
  {
    "model": "utils.provincia",
    "pk": 10,
    "fields": {
      "region": 4,
      "nombre": "Choapa",
      "status": true,
      "created_date": "2022-01-06T19:34:47.297Z"
    }
  },
  {
    "model": "utils.provincia",
    "pk": 11,
    "fields": {
      "region": 4,
      "nombre": "Limarí",
      "status": true,
      "created_date": "2022-01-06T19:34:47.299Z"
    }
  },
  {
    "model": "utils.provincia",
    "pk": 12,
    "fields": {
      "region": 5,
      "nombre": "Valparaíso",
      "status": true,
      "created_date": "2022-01-06T19:34:47.302Z"
    }
  },
  {
    "model": "utils.provincia",
    "pk": 13,
    "fields": {
      "region": 5,
      "nombre": "Isla de Pascua",
      "status": true,
      "created_date": "2022-01-06T19:34:47.305Z"
    }
  },
  {
    "model": "utils.provincia",
    "pk": 14,
    "fields": {
      "region": 5,
      "nombre": "Los Andes",
      "status": true,
      "created_date": "2022-01-06T19:34:47.308Z"
    }
  },
  {
    "model": "utils.provincia",
    "pk": 15,
    "fields": {
      "region": 5,
      "nombre": "Petorca",
      "status": true,
      "created_date": "2022-01-06T19:34:47.312Z"
    }
  },
  {
    "model": "utils.provincia",
    "pk": 16,
    "fields": {
      "region": 5,
      "nombre": "Quillota",
      "status": true,
      "created_date": "2022-01-06T19:34:47.314Z"
    }
  },
  {
    "model": "utils.provincia",
    "pk": 17,
    "fields": {
      "region": 5,
      "nombre": "San Antonio",
      "status": true,
      "created_date": "2022-01-06T19:34:47.317Z"
    }
  },
  {
    "model": "utils.provincia",
    "pk": 18,
    "fields": {
      "region": 5,
      "nombre": "San Felipe de Aconcagua",
      "status": true,
      "created_date": "2022-01-06T19:34:47.320Z"
    }
  },
  {
    "model": "utils.provincia",
    "pk": 19,
    "fields": {
      "region": 5,
      "nombre": "Marga Marga",
      "status": true,
      "created_date": "2022-01-06T19:34:47.323Z"
    }
  },
  {
    "model": "utils.provincia",
    "pk": 20,
    "fields": {
      "region": 6,
      "nombre": "Cachapoal",
      "status": true,
      "created_date": "2022-01-06T19:34:47.327Z"
    }
  },
  {
    "model": "utils.provincia",
    "pk": 21,
    "fields": {
      "region": 6,
      "nombre": "Cardenal Caro",
      "status": true,
      "created_date": "2022-01-06T19:34:47.330Z"
    }
  },
  {
    "model": "utils.provincia",
    "pk": 22,
    "fields": {
      "region": 6,
      "nombre": "Colchagua",
      "status": true,
      "created_date": "2022-01-06T19:34:47.333Z"
    }
  },
  {
    "model": "utils.provincia",
    "pk": 23,
    "fields": {
      "region": 7,
      "nombre": "Talca",
      "status": true,
      "created_date": "2022-01-06T19:34:47.336Z"
    }
  },
  {
    "model": "utils.provincia",
    "pk": 24,
    "fields": {
      "region": 7,
      "nombre": "Cauquenes",
      "status": true,
      "created_date": "2022-01-06T19:34:47.339Z"
    }
  },
  {
    "model": "utils.provincia",
    "pk": 25,
    "fields": {
      "region": 7,
      "nombre": "Curicó",
      "status": true,
      "created_date": "2022-01-06T19:34:47.342Z"
    }
  },
  {
    "model": "utils.provincia",
    "pk": 26,
    "fields": {
      "region": 7,
      "nombre": "Linares",
      "status": true,
      "created_date": "2022-01-06T19:34:47.345Z"
    }
  },
  {
    "model": "utils.provincia",
    "pk": 27,
    "fields": {
      "region": 8,
      "nombre": "Concepción",
      "status": true,
      "created_date": "2022-01-06T19:34:47.348Z"
    }
  },
  {
    "model": "utils.provincia",
    "pk": 28,
    "fields": {
      "region": 8,
      "nombre": "Arauco",
      "status": true,
      "created_date": "2022-01-06T19:34:47.350Z"
    }
  },
  {
    "model": "utils.provincia",
    "pk": 29,
    "fields": {
      "region": 8,
      "nombre": "Biobío",
      "status": true,
      "created_date": "2022-01-06T19:34:47.354Z"
    }
  },
  {
    "model": "utils.provincia",
    "pk": 30,
    "fields": {
      "region": 7,
      "nombre": "Cauquenes",
      "status": true,
      "created_date": "2022-01-06T19:34:47.357Z"
    }
  },
  {
    "model": "utils.provincia",
    "pk": 31,
    "fields": {
      "region": 9,
      "nombre": "Cautín",
      "status": true,
      "created_date": "2022-01-06T19:34:47.361Z"
    }
  },
  {
    "model": "utils.provincia",
    "pk": 32,
    "fields": {
      "region": 9,
      "nombre": "Malleco",
      "status": true,
      "created_date": "2022-01-06T19:34:47.364Z"
    }
  },
  {
    "model": "utils.provincia",
    "pk": 33,
    "fields": {
      "region": 10,
      "nombre": "Llanquihue",
      "status": true,
      "created_date": "2022-01-14T18:44:08.974Z"
    }
  },
  {
    "model": "utils.provincia",
    "pk": 34,
    "fields": {
      "region": 10,
      "nombre": "Chiloé",
      "status": true,
      "created_date": "2022-01-06T19:34:47.379Z"
    }
  },
  {
    "model": "utils.provincia",
    "pk": 35,
    "fields": {
      "region": 10,
      "nombre": "Osorno",
      "status": true,
      "created_date": "2022-01-06T19:34:47.381Z"
    }
  },
  {
    "model": "utils.provincia",
    "pk": 36,
    "fields": {
      "region": 10,
      "nombre": "Palena",
      "status": true,
      "created_date": "2022-01-06T19:34:47.442Z"
    }
  },
  {
    "model": "utils.provincia",
    "pk": 37,
    "fields": {
      "region": 10,
      "nombre": "Calbuco",
      "status": true,
      "created_date": "2022-01-06T19:34:47.445Z"
    }
  },
  {
    "model": "utils.provincia",
    "pk": 38,
    "fields": {
      "region": 11,
      "nombre": "Coyhaique",
      "status": true,
      "created_date": "2022-01-06T19:34:47.385Z"
    }
  },
  {
    "model": "utils.provincia",
    "pk": 39,
    "fields": {
      "region": 11,
      "nombre": "Aysén",
      "status": true,
      "created_date": "2022-01-06T19:34:47.388Z"
    }
  },
  {
    "model": "utils.provincia",
    "pk": 40,
    "fields": {
      "region": 11,
      "nombre": "Capitán Prat",
      "status": true,
      "created_date": "2022-01-06T19:34:47.390Z"
    }
  },
  {
    "model": "utils.provincia",
    "pk": 41,
    "fields": {
      "region": 11,
      "nombre": "General Carrera",
      "status": true,
      "created_date": "2022-01-06T19:34:47.394Z"
    }
  },
  {
    "model": "utils.provincia",
    "pk": 42,
    "fields": {
      "region": 12,
      "nombre": "Magallanes",
      "status": true,
      "created_date": "2022-01-06T19:34:47.400Z"
    }
  },
  {
    "model": "utils.provincia",
    "pk": 43,
    "fields": {
      "region": 12,
      "nombre": "Antártica Chilena",
      "status": true,
      "created_date": "2022-01-06T19:34:47.403Z"
    }
  },
  {
    "model": "utils.provincia",
    "pk": 44,
    "fields": {
      "region": 12,
      "nombre": "Tierra del Fuego",
      "status": true,
      "created_date": "2022-01-06T19:34:47.406Z"
    }
  },
  {
    "model": "utils.provincia",
    "pk": 45,
    "fields": {
      "region": 12,
      "nombre": "Última Esperanza",
      "status": true,
      "created_date": "2022-01-06T19:34:47.409Z"
    }
  },
  {
    "model": "utils.provincia",
    "pk": 46,
    "fields": {
      "region": 13,
      "nombre": "Santiago",
      "status": true,
      "created_date": "2022-01-06T19:34:47.412Z"
    }
  },
  {
    "model": "utils.provincia",
    "pk": 47,
    "fields": {
      "region": 13,
      "nombre": "Cordillera",
      "status": true,
      "created_date": "2022-01-06T19:34:47.415Z"
    }
  },
  {
    "model": "utils.provincia",
    "pk": 48,
    "fields": {
      "region": 13,
      "nombre": "Chacabuco",
      "status": true,
      "created_date": "2022-01-06T19:34:47.419Z"
    }
  },
  {
    "model": "utils.provincia",
    "pk": 49,
    "fields": {
      "region": 13,
      "nombre": "Maipo",
      "status": true,
      "created_date": "2022-01-06T19:34:47.421Z"
    }
  },
  {
    "model": "utils.provincia",
    "pk": 50,
    "fields": {
      "region": 13,
      "nombre": "Melipilla",
      "status": true,
      "created_date": "2022-01-06T19:34:47.424Z"
    }
  },
  {
    "model": "utils.provincia",
    "pk": 51,
    "fields": {
      "region": 13,
      "nombre": "Talagante",
      "status": true,
      "created_date": "2022-01-06T19:34:47.428Z"
    }
  },
  {
    "model": "utils.provincia",
    "pk": 52,
    "fields": {
      "region": 14,
      "nombre": "Valdivia",
      "status": true,
      "created_date": "2022-01-06T19:34:47.431Z"
    }
  },
  {
    "model": "utils.provincia",
    "pk": 53,
    "fields": {
      "region": 14,
      "nombre": "Ranco",
      "status": true,
      "created_date": "2022-01-06T19:34:47.433Z"
    }
  },
  {
    "model": "utils.provincia",
    "pk": 54,
    "fields": {
      "region": 15,
      "nombre": "Arica",
      "status": true,
      "created_date": "2022-01-06T19:34:47.436Z"
    }
  },
  {
    "model": "utils.provincia",
    "pk": 55,
    "fields": {
      "region": 15,
      "nombre": "Parinacota",
      "status": true,
      "created_date": "2022-01-06T19:34:47.439Z"
    }
  },
  {
    "model": "utils.provincia",
    "pk": 56,
    "fields": {
      "region": 16,
      "nombre": "Diguillín",
      "status": true,
      "created_date": "2022-01-06T19:34:47.454Z"
    }
  },
  {
    "model": "utils.provincia",
    "pk": 57,
    "fields": {
      "region": 16,
      "nombre": "Itata",
      "status": true,
      "created_date": "2022-01-06T19:34:47.456Z"
    }
  },
  {
    "model": "utils.provincia",
    "pk": 58,
    "fields": {
      "region": 16,
      "nombre": "Punilla",
      "status": true,
      "created_date": "2022-01-06T19:34:47.460Z"
    }
  },
  {
    "model": "utils.provincia",
    "pk": 59,
    "fields": {
      "region": 10,
      "nombre": "Calbuco",
      "status": true,
      "created_date": "2022-01-06T19:34:47.397Z"
    }
  },
  {
    "model": "utils.ciudad",
    "pk": 1,
    "fields": {
      "provincia": 54,
      "nombre": "Arica",
      "status": true,
      "created_date": "2022-01-06T19:40:06.388Z"
    }
  },
  {
    "model": "utils.ciudad",
    "pk": 2,
    "fields": {
      "provincia": 54,
      "nombre": "Camarones",
      "status": true,
      "created_date": "2022-01-06T19:40:06.728Z"
    }
  },
  {
    "model": "utils.ciudad",
    "pk": 3,
    "fields": {
      "provincia": 55,
      "nombre": "Putre",
      "status": true,
      "created_date": "2022-01-06T19:40:06.392Z"
    }
  },
  {
    "model": "utils.ciudad",
    "pk": 4,
    "fields": {
      "provincia": 55,
      "nombre": "General Lagos",
      "status": true,
      "created_date": "2022-01-06T19:40:06.172Z"
    }
  },
  {
    "model": "utils.ciudad",
    "pk": 5,
    "fields": {
      "provincia": 1,
      "nombre": "Iquique",
      "status": true,
      "created_date": "2022-01-14T18:53:36.872Z"
    }
  },
  {
    "model": "utils.ciudad",
    "pk": 6,
    "fields": {
      "provincia": 1,
      "nombre": "Alto Hospicio",
      "status": true,
      "created_date": "2022-01-06T19:40:06.520Z"
    }
  },
  {
    "model": "utils.ciudad",
    "pk": 7,
    "fields": {
      "provincia": 2,
      "nombre": "Pozo Almonte",
      "status": true,
      "created_date": "2022-01-14T18:53:36.865Z"
    }
  },
  {
    "model": "utils.ciudad",
    "pk": 8,
    "fields": {
      "provincia": 2,
      "nombre": "Camiña",
      "status": true,
      "created_date": "2022-01-06T19:40:06.287Z"
    }
  },
  {
    "model": "utils.ciudad",
    "pk": 9,
    "fields": {
      "provincia": 2,
      "nombre": "Colchane",
      "status": true,
      "created_date": "2022-01-06T19:40:06.554Z"
    }
  },
  {
    "model": "utils.ciudad",
    "pk": 10,
    "fields": {
      "provincia": 2,
      "nombre": "Huara",
      "status": true,
      "created_date": "2022-01-06T19:40:05.792Z"
    }
  },
  {
    "model": "utils.ciudad",
    "pk": 11,
    "fields": {
      "provincia": 2,
      "nombre": "Pica",
      "status": true,
      "created_date": "2022-01-06T19:40:05.796Z"
    }
  },
  {
    "model": "utils.ciudad",
    "pk": 12,
    "fields": {
      "provincia": 3,
      "nombre": "Antofagasta",
      "status": true,
      "created_date": "2022-01-06T19:40:06.064Z"
    }
  },
  {
    "model": "utils.ciudad",
    "pk": 13,
    "fields": {
      "provincia": 3,
      "nombre": "Mejillones",
      "status": true,
      "created_date": "2022-01-06T19:40:05.737Z"
    }
  },
  {
    "model": "utils.ciudad",
    "pk": 14,
    "fields": {
      "provincia": 3,
      "nombre": "Sierra Gorda",
      "status": true,
      "created_date": "2022-01-06T19:40:06.395Z"
    }
  },
  {
    "model": "utils.ciudad",
    "pk": 15,
    "fields": {
      "provincia": 3,
      "nombre": "Taltal",
      "status": true,
      "created_date": "2022-01-06T19:40:06.290Z"
    }
  },
  {
    "model": "utils.ciudad",
    "pk": 16,
    "fields": {
      "provincia": 4,
      "nombre": "Calama",
      "status": true,
      "created_date": "2022-01-06T19:40:06.294Z"
    }
  },
  {
    "model": "utils.ciudad",
    "pk": 17,
    "fields": {
      "provincia": 4,
      "nombre": "Ollagüe",
      "status": true,
      "created_date": "2022-01-14T18:53:36.829Z"
    }
  },
  {
    "model": "utils.ciudad",
    "pk": 18,
    "fields": {
      "provincia": 4,
      "nombre": "San Pedro de Atacama",
      "status": true,
      "created_date": "2022-01-06T19:40:06.176Z"
    }
  },
  {
    "model": "utils.ciudad",
    "pk": 19,
    "fields": {
      "provincia": 5,
      "nombre": "Tocopilla",
      "status": true,
      "created_date": "2022-01-06T19:40:06.180Z"
    }
  },
  {
    "model": "utils.ciudad",
    "pk": 20,
    "fields": {
      "provincia": 5,
      "nombre": "María Elena",
      "status": true,
      "created_date": "2022-01-06T19:40:06.730Z"
    }
  },
  {
    "model": "utils.ciudad",
    "pk": 21,
    "fields": {
      "provincia": 6,
      "nombre": "Copiapó",
      "status": true,
      "created_date": "2022-01-06T19:40:06.733Z"
    }
  },
  {
    "model": "utils.ciudad",
    "pk": 22,
    "fields": {
      "provincia": 6,
      "nombre": "Caldera",
      "status": true,
      "created_date": "2022-01-06T19:40:06.736Z"
    }
  },
  {
    "model": "utils.ciudad",
    "pk": 23,
    "fields": {
      "provincia": 6,
      "nombre": "Tierra Amarilla",
      "status": true,
      "created_date": "2022-01-06T19:40:06.398Z"
    }
  },
  {
    "model": "utils.ciudad",
    "pk": 24,
    "fields": {
      "provincia": 7,
      "nombre": "Chañaral",
      "status": true,
      "created_date": "2022-01-06T19:40:06.400Z"
    }
  },
  {
    "model": "utils.ciudad",
    "pk": 25,
    "fields": {
      "provincia": 7,
      "nombre": "Diego de Almagro",
      "status": true,
      "created_date": "2022-01-06T19:40:06.403Z"
    }
  },
  {
    "model": "utils.ciudad",
    "pk": 26,
    "fields": {
      "provincia": 9,
      "nombre": "La Serena",
      "status": true,
      "created_date": "2022-01-06T19:40:06.406Z"
    }
  },
  {
    "model": "utils.ciudad",
    "pk": 27,
    "fields": {
      "provincia": 9,
      "nombre": "Coquimbo",
      "status": true,
      "created_date": "2022-01-06T19:40:06.410Z"
    }
  },
  {
    "model": "utils.ciudad",
    "pk": 28,
    "fields": {
      "provincia": 9,
      "nombre": "Andacollo",
      "status": true,
      "created_date": "2022-01-06T19:40:06.413Z"
    }
  },
  {
    "model": "utils.ciudad",
    "pk": 29,
    "fields": {
      "provincia": 9,
      "nombre": "La Higuera",
      "status": true,
      "created_date": "2022-01-06T19:40:06.416Z"
    }
  },
  {
    "model": "utils.ciudad",
    "pk": 30,
    "fields": {
      "provincia": 9,
      "nombre": "Paiguano",
      "status": true,
      "created_date": "2022-01-06T19:40:06.740Z"
    }
  },
  {
    "model": "utils.ciudad",
    "pk": 31,
    "fields": {
      "provincia": 9,
      "nombre": "Vicuña",
      "status": true,
      "created_date": "2022-01-06T19:40:06.744Z"
    }
  },
  {
    "model": "utils.ciudad",
    "pk": 32,
    "fields": {
      "provincia": 10,
      "nombre": "Illapel",
      "status": true,
      "created_date": "2022-01-06T19:40:06.419Z"
    }
  },
  {
    "model": "utils.ciudad",
    "pk": 33,
    "fields": {
      "provincia": 10,
      "nombre": "Canela",
      "status": true,
      "created_date": "2022-01-06T19:40:06.422Z"
    }
  },
  {
    "model": "utils.ciudad",
    "pk": 34,
    "fields": {
      "provincia": 10,
      "nombre": "Los Vilos",
      "status": true,
      "created_date": "2022-01-06T19:40:06.747Z"
    }
  },
  {
    "model": "utils.ciudad",
    "pk": 35,
    "fields": {
      "provincia": 10,
      "nombre": "Salamanca",
      "status": true,
      "created_date": "2022-01-06T19:40:06.749Z"
    }
  },
  {
    "model": "utils.ciudad",
    "pk": 36,
    "fields": {
      "provincia": 11,
      "nombre": "Ovalle",
      "status": true,
      "created_date": "2022-01-06T19:40:06.425Z"
    }
  },
  {
    "model": "utils.ciudad",
    "pk": 37,
    "fields": {
      "provincia": 11,
      "nombre": "Combarbalá",
      "status": true,
      "created_date": "2022-01-06T19:40:06.752Z"
    }
  },
  {
    "model": "utils.ciudad",
    "pk": 38,
    "fields": {
      "provincia": 11,
      "nombre": "Monte Patria",
      "status": true,
      "created_date": "2022-01-06T19:40:06.429Z"
    }
  },
  {
    "model": "utils.ciudad",
    "pk": 39,
    "fields": {
      "provincia": 11,
      "nombre": "Punitaqui",
      "status": true,
      "created_date": "2022-01-06T19:40:06.557Z"
    }
  },
  {
    "model": "utils.ciudad",
    "pk": 40,
    "fields": {
      "provincia": 11,
      "nombre": "Río Hurtado",
      "status": true,
      "created_date": "2022-01-06T19:40:06.561Z"
    }
  },
  {
    "model": "utils.ciudad",
    "pk": 41,
    "fields": {
      "provincia": 12,
      "nombre": "Valparaíso",
      "status": true,
      "created_date": "2022-01-06T19:40:06.564Z"
    }
  },
  {
    "model": "utils.ciudad",
    "pk": 42,
    "fields": {
      "provincia": 12,
      "nombre": "Casablanca",
      "status": true,
      "created_date": "2022-01-06T19:40:06.567Z"
    }
  },
  {
    "model": "utils.ciudad",
    "pk": 43,
    "fields": {
      "provincia": 12,
      "nombre": "Concón",
      "status": true,
      "created_date": "2022-01-06T19:40:06.570Z"
    }
  },
  {
    "model": "utils.ciudad",
    "pk": 44,
    "fields": {
      "provincia": 12,
      "nombre": "Juan Fernández",
      "status": true,
      "created_date": "2022-01-06T19:40:06.573Z"
    }
  },
  {
    "model": "utils.ciudad",
    "pk": 45,
    "fields": {
      "provincia": 12,
      "nombre": "Puchuncaví",
      "status": true,
      "created_date": "2022-01-06T19:40:06.576Z"
    }
  },
  {
    "model": "utils.ciudad",
    "pk": 46,
    "fields": {
      "provincia": 12,
      "nombre": "Quintero",
      "status": true,
      "created_date": "2022-01-06T19:40:06.579Z"
    }
  },
  {
    "model": "utils.ciudad",
    "pk": 47,
    "fields": {
      "provincia": 12,
      "nombre": "Viña del Mar",
      "status": true,
      "created_date": "2022-01-06T19:40:06.582Z"
    }
  },
  {
    "model": "utils.ciudad",
    "pk": 48,
    "fields": {
      "provincia": 13,
      "nombre": "Isla de Pascua",
      "status": true,
      "created_date": "2022-01-06T19:40:06.585Z"
    }
  },
  {
    "model": "utils.ciudad",
    "pk": 49,
    "fields": {
      "provincia": 14,
      "nombre": "Los Andes",
      "status": true,
      "created_date": "2022-01-06T19:40:06.588Z"
    }
  },
  {
    "model": "utils.ciudad",
    "pk": 50,
    "fields": {
      "provincia": 14,
      "nombre": "Calle Larga",
      "status": true,
      "created_date": "2022-01-06T19:40:06.591Z"
    }
  },
  {
    "model": "utils.ciudad",
    "pk": 51,
    "fields": {
      "provincia": 14,
      "nombre": "Riconada",
      "status": true,
      "created_date": "2022-01-06T19:40:06.297Z"
    }
  },
  {
    "model": "utils.ciudad",
    "pk": 52,
    "fields": {
      "provincia": 14,
      "nombre": "San Esteban",
      "status": true,
      "created_date": "2022-01-06T19:40:06.184Z"
    }
  },
  {
    "model": "utils.ciudad",
    "pk": 53,
    "fields": {
      "provincia": 15,
      "nombre": "La Ligua",
      "status": true,
      "created_date": "2022-01-06T19:40:06.487Z"
    }
  },
  {
    "model": "utils.ciudad",
    "pk": 54,
    "fields": {
      "provincia": 15,
      "nombre": "Cabildo",
      "status": true,
      "created_date": "2022-01-06T19:40:06.594Z"
    }
  },
  {
    "model": "utils.ciudad",
    "pk": 55,
    "fields": {
      "provincia": 15,
      "nombre": "Papudo",
      "status": true,
      "created_date": "2022-01-06T19:40:06.780Z"
    }
  },
  {
    "model": "utils.ciudad",
    "pk": 56,
    "fields": {
      "provincia": 15,
      "nombre": "Petorca",
      "status": true,
      "created_date": "2022-01-14T18:53:36.689Z"
    }
  },
  {
    "model": "utils.ciudad",
    "pk": 57,
    "fields": {
      "provincia": 15,
      "nombre": "Zapallar",
      "status": true,
      "created_date": "2022-01-06T19:40:06.598Z"
    }
  },
  {
    "model": "utils.ciudad",
    "pk": 58,
    "fields": {
      "provincia": 16,
      "nombre": "Quillota",
      "status": true,
      "created_date": "2022-01-06T19:40:06.601Z"
    }
  },
  {
    "model": "utils.ciudad",
    "pk": 59,
    "fields": {
      "provincia": 16,
      "nombre": "La Calera",
      "status": true,
      "created_date": "2022-01-06T19:40:06.604Z"
    }
  },
  {
    "model": "utils.ciudad",
    "pk": 60,
    "fields": {
      "provincia": 16,
      "nombre": "Hijuelas",
      "status": true,
      "created_date": "2022-01-06T19:40:06.607Z"
    }
  },
  {
    "model": "utils.ciudad",
    "pk": 61,
    "fields": {
      "provincia": 16,
      "nombre": "La Cruz",
      "status": true,
      "created_date": "2022-01-14T18:53:36.668Z"
    }
  },
  {
    "model": "utils.ciudad",
    "pk": 62,
    "fields": {
      "provincia": 16,
      "nombre": "Nogales",
      "status": true,
      "created_date": "2022-01-06T19:40:06.610Z"
    }
  },
  {
    "model": "utils.ciudad",
    "pk": 63,
    "fields": {
      "provincia": 17,
      "nombre": "San Antonio",
      "status": true,
      "created_date": "2022-01-14T18:53:36.662Z"
    }
  },
  {
    "model": "utils.ciudad",
    "pk": 64,
    "fields": {
      "provincia": 17,
      "nombre": "Algarrobo",
      "status": true,
      "created_date": "2022-01-06T19:40:06.613Z"
    }
  },
  {
    "model": "utils.ciudad",
    "pk": 65,
    "fields": {
      "provincia": 17,
      "nombre": "Cartagena",
      "status": true,
      "created_date": "2022-01-06T19:40:06.616Z"
    }
  },
  {
    "model": "utils.ciudad",
    "pk": 66,
    "fields": {
      "provincia": 17,
      "nombre": "El Quisco",
      "status": true,
      "created_date": "2022-01-06T19:40:06.619Z"
    }
  },
  {
    "model": "utils.ciudad",
    "pk": 67,
    "fields": {
      "provincia": 17,
      "nombre": "El Tabo",
      "status": true,
      "created_date": "2022-01-06T19:40:06.622Z"
    }
  },
  {
    "model": "utils.ciudad",
    "pk": 68,
    "fields": {
      "provincia": 17,
      "nombre": "Santo Domingo",
      "status": true,
      "created_date": "2022-01-06T19:40:06.625Z"
    }
  },
  {
    "model": "utils.ciudad",
    "pk": 69,
    "fields": {
      "provincia": 18,
      "nombre": "San Felipe",
      "status": true,
      "created_date": "2022-01-14T18:53:36.638Z"
    }
  },
  {
    "model": "utils.ciudad",
    "pk": 70,
    "fields": {
      "provincia": 18,
      "nombre": "Catemu",
      "status": true,
      "created_date": "2022-01-06T19:40:05.799Z"
    }
  },
  {
    "model": "utils.ciudad",
    "pk": 71,
    "fields": {
      "provincia": 18,
      "nombre": "Llaillay",
      "status": true,
      "created_date": "2022-01-06T19:40:05.802Z"
    }
  },
  {
    "model": "utils.ciudad",
    "pk": 72,
    "fields": {
      "provincia": 18,
      "nombre": "Panquehue",
      "status": true,
      "created_date": "2022-01-06T19:40:06.187Z"
    }
  },
  {
    "model": "utils.ciudad",
    "pk": 73,
    "fields": {
      "provincia": 18,
      "nombre": "Putaendo",
      "status": true,
      "created_date": "2022-01-06T19:40:06.191Z"
    }
  },
  {
    "model": "utils.ciudad",
    "pk": 74,
    "fields": {
      "provincia": 18,
      "nombre": "Santa María",
      "status": true,
      "created_date": "2022-01-06T19:40:06.195Z"
    }
  },
  {
    "model": "utils.ciudad",
    "pk": 75,
    "fields": {
      "provincia": 19,
      "nombre": "Quilpué",
      "status": true,
      "created_date": "2022-01-06T19:40:06.198Z"
    }
  },
  {
    "model": "utils.ciudad",
    "pk": 76,
    "fields": {
      "provincia": 19,
      "nombre": "Limache",
      "status": true,
      "created_date": "2022-01-06T19:40:06.067Z"
    }
  },
  {
    "model": "utils.ciudad",
    "pk": 77,
    "fields": {
      "provincia": 19,
      "nombre": "Olmué",
      "status": true,
      "created_date": "2022-01-06T19:40:06.489Z"
    }
  },
  {
    "model": "utils.ciudad",
    "pk": 78,
    "fields": {
      "provincia": 19,
      "nombre": "Villa Alemana",
      "status": true,
      "created_date": "2022-01-06T19:40:06.202Z"
    }
  },
  {
    "model": "utils.ciudad",
    "pk": 79,
    "fields": {
      "provincia": 20,
      "nombre": "Rancagua",
      "status": true,
      "created_date": "2022-01-06T19:40:06.299Z"
    }
  },
  {
    "model": "utils.ciudad",
    "pk": 80,
    "fields": {
      "provincia": 20,
      "nombre": "Codegua",
      "status": true,
      "created_date": "2022-01-06T19:40:05.807Z"
    }
  },
  {
    "model": "utils.ciudad",
    "pk": 81,
    "fields": {
      "provincia": 20,
      "nombre": "Coinco",
      "status": true,
      "created_date": "2022-01-06T19:40:06.629Z"
    }
  },
  {
    "model": "utils.ciudad",
    "pk": 82,
    "fields": {
      "provincia": 20,
      "nombre": "Coltauco",
      "status": true,
      "created_date": "2022-01-06T19:40:06.783Z"
    }
  },
  {
    "model": "utils.ciudad",
    "pk": 83,
    "fields": {
      "provincia": 20,
      "nombre": "Doñihue",
      "status": true,
      "created_date": "2022-01-06T19:40:06.493Z"
    }
  },
  {
    "model": "utils.ciudad",
    "pk": 84,
    "fields": {
      "provincia": 20,
      "nombre": "Graneros",
      "status": true,
      "created_date": "2022-01-06T19:40:06.786Z"
    }
  },
  {
    "model": "utils.ciudad",
    "pk": 85,
    "fields": {
      "provincia": 20,
      "nombre": "Las Cabras",
      "status": true,
      "created_date": "2022-01-06T19:40:06.303Z"
    }
  },
  {
    "model": "utils.ciudad",
    "pk": 86,
    "fields": {
      "provincia": 20,
      "nombre": "Machalí",
      "status": true,
      "created_date": "2022-01-06T19:40:06.632Z"
    }
  },
  {
    "model": "utils.ciudad",
    "pk": 87,
    "fields": {
      "provincia": 20,
      "nombre": "Malloa",
      "status": true,
      "created_date": "2022-01-06T19:40:05.811Z"
    }
  },
  {
    "model": "utils.ciudad",
    "pk": 88,
    "fields": {
      "provincia": 20,
      "nombre": "Mostazal",
      "status": true,
      "created_date": "2022-01-14T18:53:36.563Z"
    }
  },
  {
    "model": "utils.ciudad",
    "pk": 89,
    "fields": {
      "provincia": 20,
      "nombre": "Olivar",
      "status": true,
      "created_date": "2022-01-06T19:40:06.205Z"
    }
  },
  {
    "model": "utils.ciudad",
    "pk": 90,
    "fields": {
      "provincia": 20,
      "nombre": "Peumo",
      "status": true,
      "created_date": "2022-01-06T19:40:06.306Z"
    }
  },
  {
    "model": "utils.ciudad",
    "pk": 91,
    "fields": {
      "provincia": 20,
      "nombre": "Pichidegua",
      "status": true,
      "created_date": "2022-01-06T19:40:06.635Z"
    }
  },
  {
    "model": "utils.ciudad",
    "pk": 92,
    "fields": {
      "provincia": 20,
      "nombre": "Quinta de Tilcoco",
      "status": true,
      "created_date": "2022-01-06T19:40:06.209Z"
    }
  },
  {
    "model": "utils.ciudad",
    "pk": 93,
    "fields": {
      "provincia": 20,
      "nombre": "Rengo",
      "status": true,
      "created_date": "2022-01-06T19:40:06.071Z"
    }
  },
  {
    "model": "utils.ciudad",
    "pk": 94,
    "fields": {
      "provincia": 20,
      "nombre": "Requínoa",
      "status": true,
      "created_date": "2022-01-14T18:53:36.543Z"
    }
  },
  {
    "model": "utils.ciudad",
    "pk": 95,
    "fields": {
      "provincia": 20,
      "nombre": "San Vicente",
      "status": true,
      "created_date": "2022-01-14T18:53:36.540Z"
    }
  },
  {
    "model": "utils.ciudad",
    "pk": 96,
    "fields": {
      "provincia": 21,
      "nombre": "Pichilemu",
      "status": true,
      "created_date": "2022-01-06T19:40:06.637Z"
    }
  },
  {
    "model": "utils.ciudad",
    "pk": 97,
    "fields": {
      "provincia": 21,
      "nombre": "La Estrella",
      "status": true,
      "created_date": "2022-01-06T19:40:06.640Z"
    }
  },
  {
    "model": "utils.ciudad",
    "pk": 98,
    "fields": {
      "provincia": 21,
      "nombre": "Litueche",
      "status": true,
      "created_date": "2022-01-06T19:40:06.644Z"
    }
  },
  {
    "model": "utils.ciudad",
    "pk": 99,
    "fields": {
      "provincia": 21,
      "nombre": "Marichihue",
      "status": true,
      "created_date": "2022-01-06T19:40:05.814Z"
    }
  },
  {
    "model": "utils.ciudad",
    "pk": 100,
    "fields": {
      "provincia": 21,
      "nombre": "Navidad",
      "status": true,
      "created_date": "2022-01-06T19:40:06.647Z"
    }
  },
  {
    "model": "utils.ciudad",
    "pk": 101,
    "fields": {
      "provincia": 21,
      "nombre": "Paredones",
      "status": true,
      "created_date": "2022-01-14T18:53:36.517Z"
    }
  },
  {
    "model": "utils.ciudad",
    "pk": 102,
    "fields": {
      "provincia": 22,
      "nombre": "San Fernando",
      "status": true,
      "created_date": "2022-01-06T19:40:06.650Z"
    }
  },
  {
    "model": "utils.ciudad",
    "pk": 103,
    "fields": {
      "provincia": 22,
      "nombre": "Chépica",
      "status": true,
      "created_date": "2022-01-14T18:53:36.511Z"
    }
  },
  {
    "model": "utils.ciudad",
    "pk": 104,
    "fields": {
      "provincia": 22,
      "nombre": "Chimbarongo",
      "status": true,
      "created_date": "2022-01-06T19:40:06.653Z"
    }
  },
  {
    "model": "utils.ciudad",
    "pk": 105,
    "fields": {
      "provincia": 22,
      "nombre": "Lolol",
      "status": true,
      "created_date": "2022-01-06T19:40:06.656Z"
    }
  },
  {
    "model": "utils.ciudad",
    "pk": 106,
    "fields": {
      "provincia": 22,
      "nombre": "Nancagua",
      "status": true,
      "created_date": "2022-01-06T19:40:06.660Z"
    }
  },
  {
    "model": "utils.ciudad",
    "pk": 107,
    "fields": {
      "provincia": 22,
      "nombre": "Palmilla",
      "status": true,
      "created_date": "2022-01-06T19:40:06.663Z"
    }
  },
  {
    "model": "utils.ciudad",
    "pk": 108,
    "fields": {
      "provincia": 22,
      "nombre": "Peralillo",
      "status": true,
      "created_date": "2022-01-14T18:53:36.494Z"
    }
  },
  {
    "model": "utils.ciudad",
    "pk": 109,
    "fields": {
      "provincia": 22,
      "nombre": "Placilla",
      "status": true,
      "created_date": "2022-01-14T18:53:36.491Z"
    }
  },
  {
    "model": "utils.ciudad",
    "pk": 110,
    "fields": {
      "provincia": 22,
      "nombre": "Pumanque",
      "status": true,
      "created_date": "2022-01-14T18:53:36.488Z"
    }
  },
  {
    "model": "utils.ciudad",
    "pk": 111,
    "fields": {
      "provincia": 22,
      "nombre": "Santa Cruz",
      "status": true,
      "created_date": "2022-01-06T19:40:06.666Z"
    }
  },
  {
    "model": "utils.ciudad",
    "pk": 112,
    "fields": {
      "provincia": 23,
      "nombre": "Talca",
      "status": true,
      "created_date": "2022-01-06T19:40:05.818Z"
    }
  },
  {
    "model": "utils.ciudad",
    "pk": 113,
    "fields": {
      "provincia": 23,
      "nombre": "Constitución",
      "status": true,
      "created_date": "2022-01-06T19:40:06.669Z"
    }
  },
  {
    "model": "utils.ciudad",
    "pk": 114,
    "fields": {
      "provincia": 23,
      "nombre": "Curepto",
      "status": true,
      "created_date": "2022-01-06T19:40:06.671Z"
    }
  },
  {
    "model": "utils.ciudad",
    "pk": 115,
    "fields": {
      "provincia": 23,
      "nombre": "Empedrado",
      "status": true,
      "created_date": "2022-01-14T18:53:36.472Z"
    }
  },
  {
    "model": "utils.ciudad",
    "pk": 116,
    "fields": {
      "provincia": 23,
      "nombre": "Maule",
      "status": true,
      "created_date": "2022-01-06T19:40:06.310Z"
    }
  },
  {
    "model": "utils.ciudad",
    "pk": 117,
    "fields": {
      "provincia": 23,
      "nombre": "Pelarco",
      "status": true,
      "created_date": "2022-01-06T19:40:05.740Z"
    }
  },
  {
    "model": "utils.ciudad",
    "pk": 118,
    "fields": {
      "provincia": 23,
      "nombre": "Pencahue",
      "status": true,
      "created_date": "2022-01-06T19:40:06.675Z"
    }
  },
  {
    "model": "utils.ciudad",
    "pk": 119,
    "fields": {
      "provincia": 23,
      "nombre": "Río Claro",
      "status": true,
      "created_date": "2022-01-14T18:53:36.459Z"
    }
  },
  {
    "model": "utils.ciudad",
    "pk": 120,
    "fields": {
      "provincia": 23,
      "nombre": "San Clemente",
      "status": true,
      "created_date": "2022-01-06T19:40:06.074Z"
    }
  },
  {
    "model": "utils.ciudad",
    "pk": 121,
    "fields": {
      "provincia": 23,
      "nombre": "San Rafael",
      "status": true,
      "created_date": "2022-01-06T19:40:05.822Z"
    }
  },
  {
    "model": "utils.ciudad",
    "pk": 122,
    "fields": {
      "provincia": 5,
      "nombre": "Llay Llay",
      "status": true,
      "created_date": "2022-01-06T19:40:05.826Z"
    }
  },
  {
    "model": "utils.ciudad",
    "pk": 123,
    "fields": {
      "provincia": 13,
      "nombre": "Renca",
      "status": true,
      "created_date": "2022-01-06T19:40:06.678Z"
    }
  },
  {
    "model": "utils.ciudad",
    "pk": 125,
    "fields": {
      "provincia": 25,
      "nombre": "Curicó",
      "status": true,
      "created_date": "2022-01-14T18:58:39.315Z"
    }
  },
  {
    "model": "utils.ciudad",
    "pk": 126,
    "fields": {
      "provincia": 25,
      "nombre": "Hualañé",
      "status": true,
      "created_date": "2022-01-06T19:40:06.681Z"
    }
  },
  {
    "model": "utils.ciudad",
    "pk": 127,
    "fields": {
      "provincia": 25,
      "nombre": "Licantén",
      "status": true,
      "created_date": "2022-01-14T18:53:36.445Z"
    }
  },
  {
    "model": "utils.ciudad",
    "pk": 128,
    "fields": {
      "provincia": 25,
      "nombre": "Molina",
      "status": true,
      "created_date": "2022-01-06T19:40:05.829Z"
    }
  },
  {
    "model": "utils.ciudad",
    "pk": 129,
    "fields": {
      "provincia": 25,
      "nombre": "Rauco",
      "status": true,
      "created_date": "2022-01-06T19:40:05.933Z"
    }
  },
  {
    "model": "utils.ciudad",
    "pk": 130,
    "fields": {
      "provincia": 25,
      "nombre": "Romeral",
      "status": true,
      "created_date": "2022-01-06T19:40:06.312Z"
    }
  },
  {
    "model": "utils.ciudad",
    "pk": 131,
    "fields": {
      "provincia": 25,
      "nombre": "Sagrada Familia",
      "status": true,
      "created_date": "2022-01-06T19:40:06.078Z"
    }
  },
  {
    "model": "utils.ciudad",
    "pk": 132,
    "fields": {
      "provincia": 25,
      "nombre": "Teno",
      "status": true,
      "created_date": "2022-01-06T19:40:06.082Z"
    }
  },
  {
    "model": "utils.ciudad",
    "pk": 133,
    "fields": {
      "provincia": 25,
      "nombre": "Vichuquén",
      "status": true,
      "created_date": "2022-01-06T19:40:06.085Z"
    }
  },
  {
    "model": "utils.ciudad",
    "pk": 134,
    "fields": {
      "provincia": 26,
      "nombre": "Linares",
      "status": true,
      "created_date": "2022-01-06T19:40:06.088Z"
    }
  },
  {
    "model": "utils.ciudad",
    "pk": 135,
    "fields": {
      "provincia": 26,
      "nombre": "Colbún",
      "status": true,
      "created_date": "2022-01-06T19:40:05.936Z"
    }
  },
  {
    "model": "utils.ciudad",
    "pk": 136,
    "fields": {
      "provincia": 26,
      "nombre": "Longaví",
      "status": true,
      "created_date": "2022-01-06T19:40:05.833Z"
    }
  },
  {
    "model": "utils.ciudad",
    "pk": 137,
    "fields": {
      "provincia": 26,
      "nombre": "Parral",
      "status": true,
      "created_date": "2022-01-06T19:40:05.940Z"
    }
  },
  {
    "model": "utils.ciudad",
    "pk": 138,
    "fields": {
      "provincia": 26,
      "nombre": "Retiro",
      "status": true,
      "created_date": "2022-01-06T19:40:05.944Z"
    }
  },
  {
    "model": "utils.ciudad",
    "pk": 139,
    "fields": {
      "provincia": 26,
      "nombre": "San Javier",
      "status": true,
      "created_date": "2022-01-06T19:40:05.947Z"
    }
  },
  {
    "model": "utils.ciudad",
    "pk": 140,
    "fields": {
      "provincia": 26,
      "nombre": "Villa Alegre",
      "status": true,
      "created_date": "2022-01-06T19:40:05.951Z"
    }
  },
  {
    "model": "utils.ciudad",
    "pk": 141,
    "fields": {
      "provincia": 26,
      "nombre": "Yerbas Buenas",
      "status": true,
      "created_date": "2022-01-06T19:40:05.954Z"
    }
  },
  {
    "model": "utils.ciudad",
    "pk": 142,
    "fields": {
      "provincia": 56,
      "nombre": "Chillán",
      "status": true,
      "created_date": "2022-01-06T19:40:06.431Z"
    }
  },
  {
    "model": "utils.ciudad",
    "pk": 143,
    "fields": {
      "provincia": 56,
      "nombre": "Chillán Viejo",
      "status": true,
      "created_date": "2022-01-14T18:53:36.389Z"
    }
  },
  {
    "model": "utils.ciudad",
    "pk": 144,
    "fields": {
      "provincia": 56,
      "nombre": "Quillón",
      "status": true,
      "created_date": "2022-01-14T18:53:36.385Z"
    }
  },
  {
    "model": "utils.ciudad",
    "pk": 145,
    "fields": {
      "provincia": 56,
      "nombre": "Bulnes",
      "status": true,
      "created_date": "2022-01-14T18:53:36.380Z"
    }
  },
  {
    "model": "utils.ciudad",
    "pk": 146,
    "fields": {
      "provincia": 56,
      "nombre": "San Ignacio",
      "status": true,
      "created_date": "2022-01-14T18:53:36.374Z"
    }
  },
  {
    "model": "utils.ciudad",
    "pk": 147,
    "fields": {
      "provincia": 56,
      "nombre": "El Carmen",
      "status": true,
      "created_date": "2022-01-14T18:53:36.371Z"
    }
  },
  {
    "model": "utils.ciudad",
    "pk": 148,
    "fields": {
      "provincia": 56,
      "nombre": "Pinto",
      "status": true,
      "created_date": "2022-01-14T18:53:36.368Z"
    }
  },
  {
    "model": "utils.ciudad",
    "pk": 149,
    "fields": {
      "provincia": 56,
      "nombre": "Pemuco",
      "status": true,
      "created_date": "2022-01-06T19:40:06.755Z"
    }
  },
  {
    "model": "utils.ciudad",
    "pk": 150,
    "fields": {
      "provincia": 56,
      "nombre": "Yungay",
      "status": true,
      "created_date": "2022-01-06T19:40:06.758Z"
    }
  },
  {
    "model": "utils.ciudad",
    "pk": 151,
    "fields": {
      "provincia": 57,
      "nombre": "Quirihue",
      "status": true,
      "created_date": "2022-01-06T19:40:06.761Z"
    }
  },
  {
    "model": "utils.ciudad",
    "pk": 152,
    "fields": {
      "provincia": 57,
      "nombre": "Cobquecura",
      "status": true,
      "created_date": "2022-01-06T19:40:06.434Z"
    }
  },
  {
    "model": "utils.ciudad",
    "pk": 153,
    "fields": {
      "provincia": 57,
      "nombre": "Ninhue",
      "status": true,
      "created_date": "2022-01-06T19:40:06.437Z"
    }
  },
  {
    "model": "utils.ciudad",
    "pk": 154,
    "fields": {
      "provincia": 57,
      "nombre": "Treguaco",
      "status": true,
      "created_date": "2022-01-06T19:40:06.092Z"
    }
  },
  {
    "model": "utils.ciudad",
    "pk": 155,
    "fields": {
      "provincia": 57,
      "nombre": "Coelemu",
      "status": true,
      "created_date": "2022-01-06T19:40:06.767Z"
    }
  },
  {
    "model": "utils.ciudad",
    "pk": 156,
    "fields": {
      "provincia": 57,
      "nombre": "Portezuelo",
      "status": true,
      "created_date": "2022-01-06T19:40:06.771Z"
    }
  },
  {
    "model": "utils.ciudad",
    "pk": 157,
    "fields": {
      "provincia": 57,
      "nombre": "Ránqui",
      "status": true,
      "created_date": "2022-01-06T19:40:06.773Z"
    }
  },
  {
    "model": "utils.ciudad",
    "pk": 158,
    "fields": {
      "provincia": 58,
      "nombre": "San Carlos",
      "status": true,
      "created_date": "2022-01-06T19:40:06.777Z"
    }
  },
  {
    "model": "utils.ciudad",
    "pk": 159,
    "fields": {
      "provincia": 58,
      "nombre": "Ñiquén",
      "status": true,
      "created_date": "2022-01-14T18:53:36.330Z"
    }
  },
  {
    "model": "utils.ciudad",
    "pk": 160,
    "fields": {
      "provincia": 58,
      "nombre": "Coihueco",
      "status": true,
      "created_date": "2022-01-06T19:40:05.657Z"
    }
  },
  {
    "model": "utils.ciudad",
    "pk": 161,
    "fields": {
      "provincia": 58,
      "nombre": "San Fabián",
      "status": true,
      "created_date": "2022-01-06T19:40:05.665Z"
    }
  },
  {
    "model": "utils.ciudad",
    "pk": 162,
    "fields": {
      "provincia": 58,
      "nombre": "San Nico",
      "status": true,
      "created_date": "2022-01-06T19:40:05.668Z"
    }
  },
  {
    "model": "utils.ciudad",
    "pk": 163,
    "fields": {
      "provincia": 27,
      "nombre": "Concepción",
      "status": true,
      "created_date": "2022-01-06T19:40:05.671Z"
    }
  },
  {
    "model": "utils.ciudad",
    "pk": 164,
    "fields": {
      "provincia": 27,
      "nombre": "Coronel",
      "status": true,
      "created_date": "2022-01-06T19:40:05.674Z"
    }
  },
  {
    "model": "utils.ciudad",
    "pk": 165,
    "fields": {
      "provincia": 27,
      "nombre": "Chiguayante",
      "status": true,
      "created_date": "2022-01-06T19:40:05.678Z"
    }
  },
  {
    "model": "utils.ciudad",
    "pk": 166,
    "fields": {
      "provincia": 27,
      "nombre": "Florida",
      "status": true,
      "created_date": "2022-01-06T19:40:05.681Z"
    }
  },
  {
    "model": "utils.ciudad",
    "pk": 167,
    "fields": {
      "provincia": 27,
      "nombre": "Hualqui",
      "status": true,
      "created_date": "2022-01-06T19:40:05.684Z"
    }
  },
  {
    "model": "utils.ciudad",
    "pk": 168,
    "fields": {
      "provincia": 27,
      "nombre": "Lota",
      "status": true,
      "created_date": "2022-01-06T19:40:05.687Z"
    }
  },
  {
    "model": "utils.ciudad",
    "pk": 169,
    "fields": {
      "provincia": 27,
      "nombre": "Penco",
      "status": true,
      "created_date": "2022-01-06T19:40:05.689Z"
    }
  },
  {
    "model": "utils.ciudad",
    "pk": 170,
    "fields": {
      "provincia": 27,
      "nombre": "San Pedro de la Paz",
      "status": true,
      "created_date": "2022-01-06T19:40:05.693Z"
    }
  },
  {
    "model": "utils.ciudad",
    "pk": 171,
    "fields": {
      "provincia": 27,
      "nombre": "Santa Juana",
      "status": true,
      "created_date": "2022-01-06T19:40:05.696Z"
    }
  },
  {
    "model": "utils.ciudad",
    "pk": 172,
    "fields": {
      "provincia": 27,
      "nombre": "Talcahuano",
      "status": true,
      "created_date": "2022-01-06T19:40:05.699Z"
    }
  },
  {
    "model": "utils.ciudad",
    "pk": 173,
    "fields": {
      "provincia": 27,
      "nombre": "Tomé",
      "status": true,
      "created_date": "2022-01-06T19:40:05.702Z"
    }
  },
  {
    "model": "utils.ciudad",
    "pk": 174,
    "fields": {
      "provincia": 27,
      "nombre": "Hualpén",
      "status": true,
      "created_date": "2022-01-06T19:40:05.705Z"
    }
  },
  {
    "model": "utils.ciudad",
    "pk": 175,
    "fields": {
      "provincia": 28,
      "nombre": "Lebu",
      "status": true,
      "created_date": "2022-01-06T19:40:05.708Z"
    }
  },
  {
    "model": "utils.ciudad",
    "pk": 176,
    "fields": {
      "provincia": 28,
      "nombre": "Arauco",
      "status": true,
      "created_date": "2022-01-06T19:40:05.711Z"
    }
  },
  {
    "model": "utils.ciudad",
    "pk": 177,
    "fields": {
      "provincia": 28,
      "nombre": "Cañete",
      "status": true,
      "created_date": "2022-01-06T19:40:05.714Z"
    }
  },
  {
    "model": "utils.ciudad",
    "pk": 178,
    "fields": {
      "provincia": 28,
      "nombre": "Contulmo",
      "status": true,
      "created_date": "2022-01-06T19:40:05.717Z"
    }
  },
  {
    "model": "utils.ciudad",
    "pk": 179,
    "fields": {
      "provincia": 28,
      "nombre": "Curanilahue",
      "status": true,
      "created_date": "2022-01-06T19:40:05.720Z"
    }
  },
  {
    "model": "utils.ciudad",
    "pk": 180,
    "fields": {
      "provincia": 28,
      "nombre": "Los Álamos",
      "status": true,
      "created_date": "2022-01-06T19:40:05.722Z"
    }
  },
  {
    "model": "utils.ciudad",
    "pk": 181,
    "fields": {
      "provincia": 28,
      "nombre": "Tirúa",
      "status": true,
      "created_date": "2022-01-06T19:40:05.726Z"
    }
  },
  {
    "model": "utils.ciudad",
    "pk": 182,
    "fields": {
      "provincia": 29,
      "nombre": "Los Ángeles",
      "status": true,
      "created_date": "2022-01-06T19:40:05.729Z"
    }
  },
  {
    "model": "utils.ciudad",
    "pk": 183,
    "fields": {
      "provincia": 29,
      "nombre": "Antuco",
      "status": true,
      "created_date": "2022-01-06T19:40:05.731Z"
    }
  },
  {
    "model": "utils.ciudad",
    "pk": 184,
    "fields": {
      "provincia": 29,
      "nombre": "Cabrero",
      "status": true,
      "created_date": "2022-01-06T19:40:05.734Z"
    }
  },
  {
    "model": "utils.ciudad",
    "pk": 185,
    "fields": {
      "provincia": 29,
      "nombre": "Laja",
      "status": true,
      "created_date": "2022-01-06T19:40:05.745Z"
    }
  },
  {
    "model": "utils.ciudad",
    "pk": 186,
    "fields": {
      "provincia": 29,
      "nombre": "Mulchén",
      "status": true,
      "created_date": "2022-01-06T19:40:05.748Z"
    }
  },
  {
    "model": "utils.ciudad",
    "pk": 187,
    "fields": {
      "provincia": 29,
      "nombre": "Nacimiento",
      "status": true,
      "created_date": "2022-01-06T19:40:05.752Z"
    }
  },
  {
    "model": "utils.ciudad",
    "pk": 188,
    "fields": {
      "provincia": 29,
      "nombre": "Negrete",
      "status": true,
      "created_date": "2022-01-06T19:40:05.756Z"
    }
  },
  {
    "model": "utils.ciudad",
    "pk": 189,
    "fields": {
      "provincia": 29,
      "nombre": "Quilaco",
      "status": true,
      "created_date": "2022-01-14T18:53:36.225Z"
    }
  },
  {
    "model": "utils.ciudad",
    "pk": 190,
    "fields": {
      "provincia": 29,
      "nombre": "Quilleco",
      "status": true,
      "created_date": "2022-01-06T19:40:05.760Z"
    }
  },
  {
    "model": "utils.ciudad",
    "pk": 191,
    "fields": {
      "provincia": 29,
      "nombre": "San Rosendo",
      "status": true,
      "created_date": "2022-01-06T19:40:05.764Z"
    }
  },
  {
    "model": "utils.ciudad",
    "pk": 192,
    "fields": {
      "provincia": 29,
      "nombre": "Santa Bárbara",
      "status": true,
      "created_date": "2022-01-06T19:40:05.767Z"
    }
  },
  {
    "model": "utils.ciudad",
    "pk": 193,
    "fields": {
      "provincia": 29,
      "nombre": "Tucapel",
      "status": true,
      "created_date": "2022-01-06T19:40:05.771Z"
    }
  },
  {
    "model": "utils.ciudad",
    "pk": 194,
    "fields": {
      "provincia": 29,
      "nombre": "Yumbel",
      "status": true,
      "created_date": "2022-01-06T19:40:05.775Z"
    }
  },
  {
    "model": "utils.ciudad",
    "pk": 195,
    "fields": {
      "provincia": 29,
      "nombre": "Alto Biobío",
      "status": true,
      "created_date": "2022-01-06T19:40:05.779Z"
    }
  },
  {
    "model": "utils.ciudad",
    "pk": 196,
    "fields": {
      "provincia": 31,
      "nombre": "Temuco",
      "status": true,
      "created_date": "2022-01-06T19:40:05.782Z"
    }
  },
  {
    "model": "utils.ciudad",
    "pk": 197,
    "fields": {
      "provincia": 31,
      "nombre": "Carahue",
      "status": true,
      "created_date": "2022-01-06T19:40:05.785Z"
    }
  },
  {
    "model": "utils.ciudad",
    "pk": 198,
    "fields": {
      "provincia": 31,
      "nombre": "Cunco",
      "status": true,
      "created_date": "2022-01-06T19:40:05.837Z"
    }
  },
  {
    "model": "utils.ciudad",
    "pk": 199,
    "fields": {
      "provincia": 31,
      "nombre": "Curarrehue",
      "status": true,
      "created_date": "2022-01-06T19:40:05.840Z"
    }
  },
  {
    "model": "utils.ciudad",
    "pk": 200,
    "fields": {
      "provincia": 31,
      "nombre": "Freire",
      "status": true,
      "created_date": "2022-01-06T19:40:05.844Z"
    }
  },
  {
    "model": "utils.ciudad",
    "pk": 201,
    "fields": {
      "provincia": 31,
      "nombre": "Galvarino",
      "status": true,
      "created_date": "2022-01-06T19:40:05.848Z"
    }
  },
  {
    "model": "utils.ciudad",
    "pk": 202,
    "fields": {
      "provincia": 31,
      "nombre": "Gorbea",
      "status": true,
      "created_date": "2022-01-06T19:40:05.851Z"
    }
  },
  {
    "model": "utils.ciudad",
    "pk": 203,
    "fields": {
      "provincia": 31,
      "nombre": "Lautaro",
      "status": true,
      "created_date": "2022-01-06T19:40:05.854Z"
    }
  },
  {
    "model": "utils.ciudad",
    "pk": 204,
    "fields": {
      "provincia": 31,
      "nombre": "Loncoche",
      "status": true,
      "created_date": "2022-01-06T19:40:05.858Z"
    }
  },
  {
    "model": "utils.ciudad",
    "pk": 205,
    "fields": {
      "provincia": 31,
      "nombre": "Melipeuco",
      "status": true,
      "created_date": "2022-01-06T19:40:05.789Z"
    }
  },
  {
    "model": "utils.ciudad",
    "pk": 206,
    "fields": {
      "provincia": 31,
      "nombre": "Nueva Imperial",
      "status": true,
      "created_date": "2022-01-06T19:40:05.861Z"
    }
  },
  {
    "model": "utils.ciudad",
    "pk": 207,
    "fields": {
      "provincia": 31,
      "nombre": "Padre Las Casas",
      "status": true,
      "created_date": "2022-01-06T19:40:05.865Z"
    }
  },
  {
    "model": "utils.ciudad",
    "pk": 208,
    "fields": {
      "provincia": 31,
      "nombre": "Perquenco",
      "status": true,
      "created_date": "2022-01-06T19:40:05.869Z"
    }
  },
  {
    "model": "utils.ciudad",
    "pk": 209,
    "fields": {
      "provincia": 31,
      "nombre": "Pitrufquén",
      "status": true,
      "created_date": "2022-01-06T19:40:05.872Z"
    }
  },
  {
    "model": "utils.ciudad",
    "pk": 210,
    "fields": {
      "provincia": 31,
      "nombre": "Pucón",
      "status": true,
      "created_date": "2022-01-06T19:40:05.876Z"
    }
  },
  {
    "model": "utils.ciudad",
    "pk": 211,
    "fields": {
      "provincia": 31,
      "nombre": "Saavedra",
      "status": true,
      "created_date": "2022-01-06T19:40:05.880Z"
    }
  },
  {
    "model": "utils.ciudad",
    "pk": 212,
    "fields": {
      "provincia": 31,
      "nombre": "Teodoro Schmidt",
      "status": true,
      "created_date": "2022-01-06T19:40:05.883Z"
    }
  },
  {
    "model": "utils.ciudad",
    "pk": 213,
    "fields": {
      "provincia": 31,
      "nombre": "Toltén",
      "status": true,
      "created_date": "2022-01-06T19:40:05.887Z"
    }
  },
  {
    "model": "utils.ciudad",
    "pk": 214,
    "fields": {
      "provincia": 31,
      "nombre": "Vilcún",
      "status": true,
      "created_date": "2022-01-06T19:40:05.890Z"
    }
  },
  {
    "model": "utils.ciudad",
    "pk": 215,
    "fields": {
      "provincia": 31,
      "nombre": "Villarrica",
      "status": true,
      "created_date": "2022-01-06T19:40:05.894Z"
    }
  },
  {
    "model": "utils.ciudad",
    "pk": 216,
    "fields": {
      "provincia": 31,
      "nombre": "Cholchol",
      "status": true,
      "created_date": "2022-01-06T19:40:05.898Z"
    }
  },
  {
    "model": "utils.ciudad",
    "pk": 217,
    "fields": {
      "provincia": 32,
      "nombre": "Angol",
      "status": true,
      "created_date": "2022-01-06T19:40:05.902Z"
    }
  },
  {
    "model": "utils.ciudad",
    "pk": 218,
    "fields": {
      "provincia": 32,
      "nombre": "Collipulli",
      "status": true,
      "created_date": "2022-01-06T19:40:05.905Z"
    }
  },
  {
    "model": "utils.ciudad",
    "pk": 219,
    "fields": {
      "provincia": 32,
      "nombre": "Curacautín",
      "status": true,
      "created_date": "2022-01-06T19:40:05.908Z"
    }
  },
  {
    "model": "utils.ciudad",
    "pk": 220,
    "fields": {
      "provincia": 32,
      "nombre": "Ercilla",
      "status": true,
      "created_date": "2022-01-06T19:40:05.912Z"
    }
  },
  {
    "model": "utils.ciudad",
    "pk": 221,
    "fields": {
      "provincia": 32,
      "nombre": "Lonquimay",
      "status": true,
      "created_date": "2022-01-06T19:40:05.916Z"
    }
  },
  {
    "model": "utils.ciudad",
    "pk": 222,
    "fields": {
      "provincia": 32,
      "nombre": "Los Sauces",
      "status": true,
      "created_date": "2022-01-06T19:40:05.919Z"
    }
  },
  {
    "model": "utils.ciudad",
    "pk": 223,
    "fields": {
      "provincia": 32,
      "nombre": "Lumaco",
      "status": true,
      "created_date": "2022-01-06T19:40:05.922Z"
    }
  },
  {
    "model": "utils.ciudad",
    "pk": 224,
    "fields": {
      "provincia": 32,
      "nombre": "Purén",
      "status": true,
      "created_date": "2022-01-06T19:40:05.926Z"
    }
  },
  {
    "model": "utils.ciudad",
    "pk": 225,
    "fields": {
      "provincia": 32,
      "nombre": "Renaico",
      "status": true,
      "created_date": "2022-01-06T19:40:05.929Z"
    }
  },
  {
    "model": "utils.ciudad",
    "pk": 226,
    "fields": {
      "provincia": 32,
      "nombre": "Traiguén",
      "status": true,
      "created_date": "2022-01-06T19:40:05.958Z"
    }
  },
  {
    "model": "utils.ciudad",
    "pk": 227,
    "fields": {
      "provincia": 32,
      "nombre": "Victoria",
      "status": true,
      "created_date": "2022-01-06T19:40:05.962Z"
    }
  },
  {
    "model": "utils.ciudad",
    "pk": 228,
    "fields": {
      "provincia": 52,
      "nombre": "Valdivia",
      "status": true,
      "created_date": "2022-01-06T19:40:05.966Z"
    }
  },
  {
    "model": "utils.ciudad",
    "pk": 229,
    "fields": {
      "provincia": 52,
      "nombre": "Corral",
      "status": true,
      "created_date": "2022-01-06T19:40:05.970Z"
    }
  },
  {
    "model": "utils.ciudad",
    "pk": 230,
    "fields": {
      "provincia": 52,
      "nombre": "Lanco",
      "status": true,
      "created_date": "2022-01-06T19:40:05.973Z"
    }
  },
  {
    "model": "utils.ciudad",
    "pk": 231,
    "fields": {
      "provincia": 52,
      "nombre": "Los Lagos",
      "status": true,
      "created_date": "2022-01-06T19:40:05.977Z"
    }
  },
  {
    "model": "utils.ciudad",
    "pk": 232,
    "fields": {
      "provincia": 52,
      "nombre": "Máfil",
      "status": true,
      "created_date": "2022-01-06T19:40:05.980Z"
    }
  },
  {
    "model": "utils.ciudad",
    "pk": 233,
    "fields": {
      "provincia": 52,
      "nombre": "Mariquina",
      "status": true,
      "created_date": "2022-01-06T19:40:05.984Z"
    }
  },
  {
    "model": "utils.ciudad",
    "pk": 234,
    "fields": {
      "provincia": 52,
      "nombre": "Paillaco",
      "status": true,
      "created_date": "2022-01-06T19:40:05.987Z"
    }
  },
  {
    "model": "utils.ciudad",
    "pk": 235,
    "fields": {
      "provincia": 52,
      "nombre": "Panguipulli",
      "status": true,
      "created_date": "2022-01-06T19:40:05.991Z"
    }
  },
  {
    "model": "utils.ciudad",
    "pk": 236,
    "fields": {
      "provincia": 53,
      "nombre": "La Unión",
      "status": true,
      "created_date": "2022-01-06T19:40:05.995Z"
    }
  },
  {
    "model": "utils.ciudad",
    "pk": 237,
    "fields": {
      "provincia": 53,
      "nombre": "Futrono",
      "status": true,
      "created_date": "2022-01-06T19:40:05.999Z"
    }
  },
  {
    "model": "utils.ciudad",
    "pk": 238,
    "fields": {
      "provincia": 53,
      "nombre": "Lago Ranco",
      "status": true,
      "created_date": "2022-01-06T19:40:06.002Z"
    }
  },
  {
    "model": "utils.ciudad",
    "pk": 239,
    "fields": {
      "provincia": 53,
      "nombre": "Río Bueno",
      "status": true,
      "created_date": "2022-01-06T19:40:06.005Z"
    }
  },
  {
    "model": "utils.ciudad",
    "pk": 240,
    "fields": {
      "provincia": 33,
      "nombre": "Puerto Montt",
      "status": true,
      "created_date": "2022-01-06T19:40:06.009Z"
    }
  },
  {
    "model": "utils.ciudad",
    "pk": 241,
    "fields": {
      "provincia": 33,
      "nombre": "Calbuco",
      "status": true,
      "created_date": "2022-01-06T19:40:06.012Z"
    }
  },
  {
    "model": "utils.ciudad",
    "pk": 242,
    "fields": {
      "provincia": 33,
      "nombre": "Cochamó",
      "status": true,
      "created_date": "2022-01-06T19:40:06.016Z"
    }
  },
  {
    "model": "utils.ciudad",
    "pk": 243,
    "fields": {
      "provincia": 33,
      "nombre": "Fresia",
      "status": true,
      "created_date": "2022-01-06T19:40:06.019Z"
    }
  },
  {
    "model": "utils.ciudad",
    "pk": 244,
    "fields": {
      "provincia": 33,
      "nombre": "Frutillar",
      "status": true,
      "created_date": "2022-01-06T19:40:06.022Z"
    }
  },
  {
    "model": "utils.ciudad",
    "pk": 245,
    "fields": {
      "provincia": 33,
      "nombre": "Los Muermos",
      "status": true,
      "created_date": "2022-01-06T19:40:06.026Z"
    }
  },
  {
    "model": "utils.ciudad",
    "pk": 246,
    "fields": {
      "provincia": 33,
      "nombre": "Llanquihue",
      "status": true,
      "created_date": "2022-01-06T19:40:06.030Z"
    }
  },
  {
    "model": "utils.ciudad",
    "pk": 247,
    "fields": {
      "provincia": 33,
      "nombre": "Maullín",
      "status": true,
      "created_date": "2022-01-06T19:40:06.033Z"
    }
  },
  {
    "model": "utils.ciudad",
    "pk": 248,
    "fields": {
      "provincia": 33,
      "nombre": "Puerto Varas",
      "status": true,
      "created_date": "2022-01-06T19:40:06.037Z"
    }
  },
  {
    "model": "utils.ciudad",
    "pk": 249,
    "fields": {
      "provincia": 34,
      "nombre": "Castro",
      "status": true,
      "created_date": "2022-01-06T19:40:06.040Z"
    }
  },
  {
    "model": "utils.ciudad",
    "pk": 250,
    "fields": {
      "provincia": 34,
      "nombre": "Ancud",
      "status": true,
      "created_date": "2022-01-06T19:40:06.045Z"
    }
  },
  {
    "model": "utils.ciudad",
    "pk": 251,
    "fields": {
      "provincia": 34,
      "nombre": "Chonchi",
      "status": true,
      "created_date": "2022-01-06T19:40:06.049Z"
    }
  },
  {
    "model": "utils.ciudad",
    "pk": 252,
    "fields": {
      "provincia": 34,
      "nombre": "Curaco de Vélez",
      "status": true,
      "created_date": "2022-01-06T19:40:06.052Z"
    }
  },
  {
    "model": "utils.ciudad",
    "pk": 253,
    "fields": {
      "provincia": 34,
      "nombre": "Dalcahue",
      "status": true,
      "created_date": "2022-01-06T19:40:06.056Z"
    }
  },
  {
    "model": "utils.ciudad",
    "pk": 254,
    "fields": {
      "provincia": 34,
      "nombre": "Puqueldón",
      "status": true,
      "created_date": "2022-01-06T19:40:06.060Z"
    }
  },
  {
    "model": "utils.ciudad",
    "pk": 255,
    "fields": {
      "provincia": 34,
      "nombre": "Queilén",
      "status": true,
      "created_date": "2022-01-06T19:40:06.096Z"
    }
  },
  {
    "model": "utils.ciudad",
    "pk": 256,
    "fields": {
      "provincia": 34,
      "nombre": "Quellón",
      "status": true,
      "created_date": "2022-01-06T19:40:06.100Z"
    }
  },
  {
    "model": "utils.ciudad",
    "pk": 257,
    "fields": {
      "provincia": 34,
      "nombre": "Quemchi",
      "status": true,
      "created_date": "2022-01-06T19:40:06.103Z"
    }
  },
  {
    "model": "utils.ciudad",
    "pk": 258,
    "fields": {
      "provincia": 34,
      "nombre": "Quinchao",
      "status": true,
      "created_date": "2022-01-06T19:40:06.107Z"
    }
  },
  {
    "model": "utils.ciudad",
    "pk": 259,
    "fields": {
      "provincia": 35,
      "nombre": "Osorno",
      "status": true,
      "created_date": "2022-01-06T19:40:06.111Z"
    }
  },
  {
    "model": "utils.ciudad",
    "pk": 260,
    "fields": {
      "provincia": 34,
      "nombre": "Puerto Octay",
      "status": true,
      "created_date": "2022-01-06T19:40:06.115Z"
    }
  },
  {
    "model": "utils.ciudad",
    "pk": 261,
    "fields": {
      "provincia": 34,
      "nombre": "Purranque",
      "status": true,
      "created_date": "2022-01-06T19:40:06.119Z"
    }
  },
  {
    "model": "utils.ciudad",
    "pk": 262,
    "fields": {
      "provincia": 34,
      "nombre": "Puyehue",
      "status": true,
      "created_date": "2022-01-06T19:40:06.122Z"
    }
  },
  {
    "model": "utils.ciudad",
    "pk": 263,
    "fields": {
      "provincia": 34,
      "nombre": "Río Negro",
      "status": true,
      "created_date": "2022-01-06T19:40:06.126Z"
    }
  },
  {
    "model": "utils.ciudad",
    "pk": 264,
    "fields": {
      "provincia": 34,
      "nombre": "San Juan de la Costa",
      "status": true,
      "created_date": "2022-01-06T19:40:06.130Z"
    }
  },
  {
    "model": "utils.ciudad",
    "pk": 265,
    "fields": {
      "provincia": 34,
      "nombre": "San Pablo",
      "status": true,
      "created_date": "2022-01-06T19:40:06.133Z"
    }
  },
  {
    "model": "utils.ciudad",
    "pk": 266,
    "fields": {
      "provincia": 36,
      "nombre": "Chaitén",
      "status": true,
      "created_date": "2022-01-06T19:40:06.137Z"
    }
  },
  {
    "model": "utils.ciudad",
    "pk": 267,
    "fields": {
      "provincia": 36,
      "nombre": "Futaleufú",
      "status": true,
      "created_date": "2022-01-06T19:40:06.140Z"
    }
  },
  {
    "model": "utils.ciudad",
    "pk": 268,
    "fields": {
      "provincia": 36,
      "nombre": "Hualaihué",
      "status": true,
      "created_date": "2022-01-06T19:40:06.144Z"
    }
  },
  {
    "model": "utils.ciudad",
    "pk": 269,
    "fields": {
      "provincia": 36,
      "nombre": "Palena",
      "status": true,
      "created_date": "2022-01-06T19:40:06.147Z"
    }
  },
  {
    "model": "utils.ciudad",
    "pk": 270,
    "fields": {
      "provincia": 38,
      "nombre": "Coihaique",
      "status": true,
      "created_date": "2022-01-06T19:40:06.150Z"
    }
  },
  {
    "model": "utils.ciudad",
    "pk": 271,
    "fields": {
      "provincia": 38,
      "nombre": "Lago Verde",
      "status": true,
      "created_date": "2022-01-06T19:40:06.154Z"
    }
  },
  {
    "model": "utils.ciudad",
    "pk": 272,
    "fields": {
      "provincia": 39,
      "nombre": "Aysén",
      "status": true,
      "created_date": "2022-01-06T19:40:06.157Z"
    }
  },
  {
    "model": "utils.ciudad",
    "pk": 273,
    "fields": {
      "provincia": 39,
      "nombre": "Cisnes",
      "status": true,
      "created_date": "2022-01-06T19:40:06.162Z"
    }
  },
  {
    "model": "utils.ciudad",
    "pk": 274,
    "fields": {
      "provincia": 39,
      "nombre": "Guaitecas",
      "status": true,
      "created_date": "2022-01-06T19:40:06.165Z"
    }
  },
  {
    "model": "utils.ciudad",
    "pk": 275,
    "fields": {
      "provincia": 40,
      "nombre": "Cochrane",
      "status": true,
      "created_date": "2022-01-06T19:40:06.169Z"
    }
  },
  {
    "model": "utils.ciudad",
    "pk": 276,
    "fields": {
      "provincia": 40,
      "nombre": "O'Higgins",
      "status": true,
      "created_date": "2022-01-06T19:40:06.213Z"
    }
  },
  {
    "model": "utils.ciudad",
    "pk": 277,
    "fields": {
      "provincia": 40,
      "nombre": "Tortel",
      "status": true,
      "created_date": "2022-01-06T19:40:06.216Z"
    }
  },
  {
    "model": "utils.ciudad",
    "pk": 278,
    "fields": {
      "provincia": 41,
      "nombre": "Chile Chico",
      "status": true,
      "created_date": "2022-01-06T19:40:06.220Z"
    }
  },
  {
    "model": "utils.ciudad",
    "pk": 279,
    "fields": {
      "provincia": 41,
      "nombre": "Río Ibáñez",
      "status": true,
      "created_date": "2022-01-06T19:40:06.223Z"
    }
  },
  {
    "model": "utils.ciudad",
    "pk": 280,
    "fields": {
      "provincia": 42,
      "nombre": "Punta Arenas",
      "status": true,
      "created_date": "2022-01-06T19:40:06.227Z"
    }
  },
  {
    "model": "utils.ciudad",
    "pk": 281,
    "fields": {
      "provincia": 42,
      "nombre": "Laguna Blanca",
      "status": true,
      "created_date": "2022-01-06T19:40:06.231Z"
    }
  },
  {
    "model": "utils.ciudad",
    "pk": 282,
    "fields": {
      "provincia": 42,
      "nombre": "Río Verde",
      "status": true,
      "created_date": "2022-01-06T19:40:06.234Z"
    }
  },
  {
    "model": "utils.ciudad",
    "pk": 283,
    "fields": {
      "provincia": 42,
      "nombre": "San Gregorio",
      "status": true,
      "created_date": "2022-01-06T19:40:06.238Z"
    }
  },
  {
    "model": "utils.ciudad",
    "pk": 284,
    "fields": {
      "provincia": 43,
      "nombre": "Cabo de Hornos",
      "status": true,
      "created_date": "2022-01-06T19:40:06.242Z"
    }
  },
  {
    "model": "utils.ciudad",
    "pk": 285,
    "fields": {
      "provincia": 43,
      "nombre": "Antártica",
      "status": true,
      "created_date": "2022-01-06T19:40:06.246Z"
    }
  },
  {
    "model": "utils.ciudad",
    "pk": 286,
    "fields": {
      "provincia": 44,
      "nombre": "Porvenir",
      "status": true,
      "created_date": "2022-01-06T19:40:06.249Z"
    }
  },
  {
    "model": "utils.ciudad",
    "pk": 287,
    "fields": {
      "provincia": 44,
      "nombre": "Primavera",
      "status": true,
      "created_date": "2022-01-06T19:40:06.251Z"
    }
  },
  {
    "model": "utils.ciudad",
    "pk": 288,
    "fields": {
      "provincia": 44,
      "nombre": "Timaukel",
      "status": true,
      "created_date": "2022-01-06T19:40:06.254Z"
    }
  },
  {
    "model": "utils.ciudad",
    "pk": 289,
    "fields": {
      "provincia": 45,
      "nombre": "Natales",
      "status": true,
      "created_date": "2022-01-06T19:40:06.257Z"
    }
  },
  {
    "model": "utils.ciudad",
    "pk": 290,
    "fields": {
      "provincia": 45,
      "nombre": "Torres del Paine",
      "status": true,
      "created_date": "2022-01-06T19:40:06.260Z"
    }
  },
  {
    "model": "utils.ciudad",
    "pk": 291,
    "fields": {
      "provincia": 46,
      "nombre": "Santiago",
      "status": true,
      "created_date": "2022-01-06T19:40:06.263Z"
    }
  },
  {
    "model": "utils.ciudad",
    "pk": 292,
    "fields": {
      "provincia": 46,
      "nombre": "Cerrillos",
      "status": true,
      "created_date": "2022-01-06T19:40:06.266Z"
    }
  },
  {
    "model": "utils.ciudad",
    "pk": 293,
    "fields": {
      "provincia": 46,
      "nombre": "Cerro Navia",
      "status": true,
      "created_date": "2022-01-06T19:40:06.269Z"
    }
  },
  {
    "model": "utils.ciudad",
    "pk": 294,
    "fields": {
      "provincia": 46,
      "nombre": "Conchalí",
      "status": true,
      "created_date": "2022-01-06T19:40:06.272Z"
    }
  },
  {
    "model": "utils.ciudad",
    "pk": 295,
    "fields": {
      "provincia": 46,
      "nombre": "El Bosque",
      "status": true,
      "created_date": "2022-01-06T19:40:06.275Z"
    }
  },
  {
    "model": "utils.ciudad",
    "pk": 296,
    "fields": {
      "provincia": 46,
      "nombre": "Estación Central",
      "status": true,
      "created_date": "2022-01-06T19:40:06.279Z"
    }
  },
  {
    "model": "utils.ciudad",
    "pk": 297,
    "fields": {
      "provincia": 46,
      "nombre": "Huechuraba",
      "status": true,
      "created_date": "2022-01-06T19:40:06.282Z"
    }
  },
  {
    "model": "utils.ciudad",
    "pk": 298,
    "fields": {
      "provincia": 46,
      "nombre": "Independencia",
      "status": true,
      "created_date": "2022-01-06T19:40:06.789Z"
    }
  },
  {
    "model": "utils.ciudad",
    "pk": 299,
    "fields": {
      "provincia": 46,
      "nombre": "La Cisterna",
      "status": true,
      "created_date": "2022-01-06T19:40:06.792Z"
    }
  },
  {
    "model": "utils.ciudad",
    "pk": 300,
    "fields": {
      "provincia": 46,
      "nombre": "La Florida",
      "status": true,
      "created_date": "2022-01-06T19:40:06.795Z"
    }
  },
  {
    "model": "utils.ciudad",
    "pk": 301,
    "fields": {
      "provincia": 46,
      "nombre": "La Granja",
      "status": true,
      "created_date": "2022-01-06T19:40:06.798Z"
    }
  },
  {
    "model": "utils.ciudad",
    "pk": 302,
    "fields": {
      "provincia": 46,
      "nombre": "La Pintana",
      "status": true,
      "created_date": "2022-01-06T19:40:06.802Z"
    }
  },
  {
    "model": "utils.ciudad",
    "pk": 303,
    "fields": {
      "provincia": 46,
      "nombre": "La Reina",
      "status": true,
      "created_date": "2022-01-06T19:40:06.805Z"
    }
  },
  {
    "model": "utils.ciudad",
    "pk": 304,
    "fields": {
      "provincia": 46,
      "nombre": "Las Condes",
      "status": true,
      "created_date": "2022-01-06T19:40:06.808Z"
    }
  },
  {
    "model": "utils.ciudad",
    "pk": 305,
    "fields": {
      "provincia": 46,
      "nombre": "Lo Barnechea",
      "status": true,
      "created_date": "2022-01-06T19:40:06.811Z"
    }
  },
  {
    "model": "utils.ciudad",
    "pk": 306,
    "fields": {
      "provincia": 46,
      "nombre": "Lo Espejo",
      "status": true,
      "created_date": "2022-01-06T19:40:06.814Z"
    }
  },
  {
    "model": "utils.ciudad",
    "pk": 307,
    "fields": {
      "provincia": 46,
      "nombre": "Lo Prado",
      "status": true,
      "created_date": "2022-01-06T19:40:06.817Z"
    }
  },
  {
    "model": "utils.ciudad",
    "pk": 308,
    "fields": {
      "provincia": 46,
      "nombre": "Macul",
      "status": true,
      "created_date": "2022-01-06T19:40:06.820Z"
    }
  },
  {
    "model": "utils.ciudad",
    "pk": 309,
    "fields": {
      "provincia": 46,
      "nombre": "Maipú",
      "status": true,
      "created_date": "2022-01-06T19:40:06.823Z"
    }
  },
  {
    "model": "utils.ciudad",
    "pk": 310,
    "fields": {
      "provincia": 46,
      "nombre": "Ñuñoa",
      "status": true,
      "created_date": "2022-01-06T19:40:06.826Z"
    }
  },
  {
    "model": "utils.ciudad",
    "pk": 311,
    "fields": {
      "provincia": 46,
      "nombre": "Pedro Aguirre Cerda",
      "status": true,
      "created_date": "2022-01-06T19:40:06.829Z"
    }
  },
  {
    "model": "utils.ciudad",
    "pk": 312,
    "fields": {
      "provincia": 46,
      "nombre": "Peñalolén",
      "status": true,
      "created_date": "2022-01-06T19:40:06.832Z"
    }
  },
  {
    "model": "utils.ciudad",
    "pk": 313,
    "fields": {
      "provincia": 46,
      "nombre": "Providencia",
      "status": true,
      "created_date": "2022-01-06T19:40:06.835Z"
    }
  },
  {
    "model": "utils.ciudad",
    "pk": 314,
    "fields": {
      "provincia": 46,
      "nombre": "Pudahuel",
      "status": true,
      "created_date": "2022-01-06T19:40:06.838Z"
    }
  },
  {
    "model": "utils.ciudad",
    "pk": 315,
    "fields": {
      "provincia": 46,
      "nombre": "Quilicura",
      "status": true,
      "created_date": "2022-01-06T19:40:06.840Z"
    }
  },
  {
    "model": "utils.ciudad",
    "pk": 316,
    "fields": {
      "provincia": 46,
      "nombre": "Quinta Normal",
      "status": true,
      "created_date": "2022-01-06T19:40:06.315Z"
    }
  },
  {
    "model": "utils.ciudad",
    "pk": 317,
    "fields": {
      "provincia": 46,
      "nombre": "Recoleta",
      "status": true,
      "created_date": "2022-01-06T19:40:06.318Z"
    }
  },
  {
    "model": "utils.ciudad",
    "pk": 318,
    "fields": {
      "provincia": 46,
      "nombre": "Renca",
      "status": true,
      "created_date": "2022-01-06T19:40:06.321Z"
    }
  },
  {
    "model": "utils.ciudad",
    "pk": 319,
    "fields": {
      "provincia": 46,
      "nombre": "San Joaquín",
      "status": true,
      "created_date": "2022-01-06T19:40:06.324Z"
    }
  },
  {
    "model": "utils.ciudad",
    "pk": 320,
    "fields": {
      "provincia": 46,
      "nombre": "San Miguel",
      "status": true,
      "created_date": "2022-01-06T19:40:06.327Z"
    }
  },
  {
    "model": "utils.ciudad",
    "pk": 321,
    "fields": {
      "provincia": 46,
      "nombre": "San Ramón",
      "status": true,
      "created_date": "2022-01-06T19:40:06.330Z"
    }
  },
  {
    "model": "utils.ciudad",
    "pk": 322,
    "fields": {
      "provincia": 46,
      "nombre": "Vitacura",
      "status": true,
      "created_date": "2022-01-06T19:40:06.333Z"
    }
  },
  {
    "model": "utils.ciudad",
    "pk": 323,
    "fields": {
      "provincia": 47,
      "nombre": "Puente Alto",
      "status": true,
      "created_date": "2022-01-06T19:40:06.336Z"
    }
  },
  {
    "model": "utils.ciudad",
    "pk": 324,
    "fields": {
      "provincia": 47,
      "nombre": "Pirque",
      "status": true,
      "created_date": "2022-01-14T18:48:32.655Z"
    }
  },
  {
    "model": "utils.ciudad",
    "pk": 325,
    "fields": {
      "provincia": 47,
      "nombre": "San José de Maipo",
      "status": true,
      "created_date": "2022-01-06T19:40:06.339Z"
    }
  },
  {
    "model": "utils.ciudad",
    "pk": 326,
    "fields": {
      "provincia": 48,
      "nombre": "Colina",
      "status": true,
      "created_date": "2022-01-06T19:40:06.343Z"
    }
  },
  {
    "model": "utils.ciudad",
    "pk": 327,
    "fields": {
      "provincia": 48,
      "nombre": "Lampa",
      "status": true,
      "created_date": "2022-01-06T19:40:06.346Z"
    }
  },
  {
    "model": "utils.ciudad",
    "pk": 328,
    "fields": {
      "provincia": 48,
      "nombre": "Tiltil",
      "status": true,
      "created_date": "2022-01-06T19:40:06.349Z"
    }
  },
  {
    "model": "utils.ciudad",
    "pk": 329,
    "fields": {
      "provincia": 49,
      "nombre": "San Bernardo",
      "status": true,
      "created_date": "2022-01-06T19:40:06.352Z"
    }
  },
  {
    "model": "utils.ciudad",
    "pk": 330,
    "fields": {
      "provincia": 49,
      "nombre": "Buin",
      "status": true,
      "created_date": "2022-01-06T19:40:06.355Z"
    }
  },
  {
    "model": "utils.ciudad",
    "pk": 331,
    "fields": {
      "provincia": 49,
      "nombre": "Calera de Tango",
      "status": true,
      "created_date": "2022-01-06T19:40:06.358Z"
    }
  },
  {
    "model": "utils.ciudad",
    "pk": 332,
    "fields": {
      "provincia": 49,
      "nombre": "Paine",
      "status": true,
      "created_date": "2022-01-06T19:40:06.361Z"
    }
  },
  {
    "model": "utils.ciudad",
    "pk": 333,
    "fields": {
      "provincia": 50,
      "nombre": "Melipilla",
      "status": true,
      "created_date": "2022-01-06T19:40:06.364Z"
    }
  },
  {
    "model": "utils.ciudad",
    "pk": 334,
    "fields": {
      "provincia": 50,
      "nombre": "Alhué",
      "status": true,
      "created_date": "2022-01-06T19:40:06.368Z"
    }
  },
  {
    "model": "utils.ciudad",
    "pk": 335,
    "fields": {
      "provincia": 50,
      "nombre": "Curacaví",
      "status": true,
      "created_date": "2022-01-06T19:40:06.371Z"
    }
  },
  {
    "model": "utils.ciudad",
    "pk": 336,
    "fields": {
      "provincia": 50,
      "nombre": "María Pinto",
      "status": true,
      "created_date": "2022-01-06T19:40:06.374Z"
    }
  },
  {
    "model": "utils.ciudad",
    "pk": 337,
    "fields": {
      "provincia": 50,
      "nombre": "San Pedro",
      "status": true,
      "created_date": "2022-01-06T19:40:06.377Z"
    }
  },
  {
    "model": "utils.ciudad",
    "pk": 338,
    "fields": {
      "provincia": 51,
      "nombre": "Talagante",
      "status": true,
      "created_date": "2022-01-06T19:40:06.380Z"
    }
  },
  {
    "model": "utils.ciudad",
    "pk": 339,
    "fields": {
      "provincia": 51,
      "nombre": "El Monte",
      "status": true,
      "created_date": "2022-01-06T19:40:06.383Z"
    }
  },
  {
    "model": "utils.ciudad",
    "pk": 340,
    "fields": {
      "provincia": 51,
      "nombre": "Isla de Maipo",
      "status": true,
      "created_date": "2022-01-06T19:40:06.386Z"
    }
  },
  {
    "model": "utils.ciudad",
    "pk": 341,
    "fields": {
      "provincia": 51,
      "nombre": "Padre Hurtado",
      "status": true,
      "created_date": "2022-01-06T19:40:06.764Z"
    }
  },
  {
    "model": "utils.ciudad",
    "pk": 342,
    "fields": {
      "provincia": 51,
      "nombre": "Peñaflor",
      "status": true,
      "created_date": "2022-01-06T19:40:06.440Z"
    }
  },
  {
    "model": "utils.ciudad",
    "pk": 343,
    "fields": {
      "provincia": 10,
      "nombre": "Fresia",
      "status": true,
      "created_date": "2022-01-06T19:40:06.444Z"
    }
  },
  {
    "model": "utils.ciudad",
    "pk": 344,
    "fields": {
      "provincia": 10,
      "nombre": "Curaco de Vélez",
      "status": true,
      "created_date": "2022-01-06T19:40:06.447Z"
    }
  },
  {
    "model": "utils.ciudad",
    "pk": 345,
    "fields": {
      "provincia": 10,
      "nombre": "Puqueldón",
      "status": true,
      "created_date": "2022-01-06T19:40:06.449Z"
    }
  },
  {
    "model": "utils.ciudad",
    "pk": 346,
    "fields": {
      "provincia": 10,
      "nombre": "Queilén",
      "status": true,
      "created_date": "2022-01-06T19:40:06.452Z"
    }
  },
  {
    "model": "utils.ciudad",
    "pk": 347,
    "fields": {
      "provincia": 10,
      "nombre": "Quemchi",
      "status": true,
      "created_date": "2022-01-06T19:40:06.456Z"
    }
  },
  {
    "model": "utils.ciudad",
    "pk": 348,
    "fields": {
      "provincia": 10,
      "nombre": "Quinchao",
      "status": true,
      "created_date": "2022-01-06T19:40:06.460Z"
    }
  },
  {
    "model": "utils.ciudad",
    "pk": 349,
    "fields": {
      "provincia": 10,
      "nombre": "Puerto Octay",
      "status": true,
      "created_date": "2022-01-06T19:40:06.462Z"
    }
  },
  {
    "model": "utils.ciudad",
    "pk": 350,
    "fields": {
      "provincia": 10,
      "nombre": "Purranque",
      "status": true,
      "created_date": "2022-01-06T19:40:06.465Z"
    }
  },
  {
    "model": "utils.ciudad",
    "pk": 351,
    "fields": {
      "provincia": 10,
      "nombre": "Puyehue",
      "status": true,
      "created_date": "2022-01-06T19:40:06.468Z"
    }
  },
  {
    "model": "utils.ciudad",
    "pk": 352,
    "fields": {
      "provincia": 10,
      "nombre": "Río Negro",
      "status": true,
      "created_date": "2022-01-06T19:40:06.471Z"
    }
  },
  {
    "model": "utils.ciudad",
    "pk": 353,
    "fields": {
      "provincia": 10,
      "nombre": "San Juan de la Costa",
      "status": true,
      "created_date": "2022-01-06T19:40:06.474Z"
    }
  },
  {
    "model": "utils.ciudad",
    "pk": 354,
    "fields": {
      "provincia": 10,
      "nombre": "Futaleufú",
      "status": true,
      "created_date": "2022-01-06T19:40:06.478Z"
    }
  },
  {
    "model": "utils.ciudad",
    "pk": 355,
    "fields": {
      "provincia": 10,
      "nombre": "Hualaihué",
      "status": true,
      "created_date": "2022-01-06T19:40:06.480Z"
    }
  },
  {
    "model": "utils.ciudad",
    "pk": 356,
    "fields": {
      "provincia": 10,
      "nombre": "Palena",
      "status": true,
      "created_date": "2022-01-06T19:40:06.483Z"
    }
  },
  {
    "model": "utils.ciudad",
    "pk": 357,
    "fields": {
      "provincia": 11,
      "nombre": "Lago Verde",
      "status": true,
      "created_date": "2022-01-06T19:40:06.496Z"
    }
  },
  {
    "model": "utils.ciudad",
    "pk": 358,
    "fields": {
      "provincia": 11,
      "nombre": "Aisén",
      "status": true,
      "created_date": "2022-01-06T19:40:06.499Z"
    }
  },
  {
    "model": "utils.ciudad",
    "pk": 359,
    "fields": {
      "provincia": 11,
      "nombre": "Cisnes",
      "status": true,
      "created_date": "2022-01-06T19:40:06.502Z"
    }
  },
  {
    "model": "utils.ciudad",
    "pk": 360,
    "fields": {
      "provincia": 11,
      "nombre": "Guaitecas",
      "status": true,
      "created_date": "2022-01-06T19:40:06.505Z"
    }
  },
  {
    "model": "utils.ciudad",
    "pk": 361,
    "fields": {
      "provincia": 11,
      "nombre": "O'Higgins",
      "status": true,
      "created_date": "2022-01-06T19:40:06.508Z"
    }
  },
  {
    "model": "utils.ciudad",
    "pk": 362,
    "fields": {
      "provincia": 11,
      "nombre": "Tortel",
      "status": true,
      "created_date": "2022-01-06T19:40:06.511Z"
    }
  },
  {
    "model": "utils.ciudad",
    "pk": 363,
    "fields": {
      "provincia": 11,
      "nombre": "Chile Chico",
      "status": true,
      "created_date": "2022-01-06T19:40:06.514Z"
    }
  },
  {
    "model": "utils.ciudad",
    "pk": 364,
    "fields": {
      "provincia": 11,
      "nombre": "Río Ibáñez",
      "status": true,
      "created_date": "2022-01-06T19:40:06.517Z"
    }
  },
  {
    "model": "utils.ciudad",
    "pk": 365,
    "fields": {
      "provincia": 12,
      "nombre": "Laguna Blanca",
      "status": true,
      "created_date": "2022-01-06T19:40:06.524Z"
    }
  },
  {
    "model": "utils.ciudad",
    "pk": 366,
    "fields": {
      "provincia": 12,
      "nombre": "Río Verde",
      "status": true,
      "created_date": "2022-01-06T19:40:06.528Z"
    }
  },
  {
    "model": "utils.ciudad",
    "pk": 367,
    "fields": {
      "provincia": 12,
      "nombre": "San Gregorio",
      "status": true,
      "created_date": "2022-01-06T19:40:06.530Z"
    }
  },
  {
    "model": "utils.ciudad",
    "pk": 368,
    "fields": {
      "provincia": 12,
      "nombre": "Cabo de Hornos (Ex- Navarino)",
      "status": true,
      "created_date": "2022-01-06T19:40:06.533Z"
    }
  },
  {
    "model": "utils.ciudad",
    "pk": 369,
    "fields": {
      "provincia": 12,
      "nombre": "Antártica",
      "status": true,
      "created_date": "2022-01-06T19:40:06.536Z"
    }
  },
  {
    "model": "utils.ciudad",
    "pk": 370,
    "fields": {
      "provincia": 12,
      "nombre": "Porvenir",
      "status": true,
      "created_date": "2022-01-06T19:40:06.539Z"
    }
  },
  {
    "model": "utils.ciudad",
    "pk": 371,
    "fields": {
      "provincia": 12,
      "nombre": "Primavera",
      "status": true,
      "created_date": "2022-01-06T19:40:06.542Z"
    }
  },
  {
    "model": "utils.ciudad",
    "pk": 372,
    "fields": {
      "provincia": 12,
      "nombre": "Timaukel",
      "status": true,
      "created_date": "2022-01-06T19:40:06.545Z"
    }
  },
  {
    "model": "utils.ciudad",
    "pk": 373,
    "fields": {
      "provincia": 12,
      "nombre": "Natales",
      "status": true,
      "created_date": "2022-01-06T19:40:06.548Z"
    }
  },
  {
    "model": "utils.ciudad",
    "pk": 374,
    "fields": {
      "provincia": 12,
      "nombre": "Torres del Paine",
      "status": true,
      "created_date": "2022-01-06T19:40:06.551Z"
    }
  },
  {
    "model": "utils.ciudad",
    "pk": 375,
    "fields": {
      "provincia": 13,
      "nombre": "Lo Barnechea",
      "status": true,
      "created_date": "2022-01-06T19:40:06.683Z"
    }
  },
  {
    "model": "utils.ciudad",
    "pk": 376,
    "fields": {
      "provincia": 13,
      "nombre": "Pedro Aguirre Cerda",
      "status": true,
      "created_date": "2022-01-06T19:40:06.687Z"
    }
  },
  {
    "model": "utils.ciudad",
    "pk": 377,
    "fields": {
      "provincia": 13,
      "nombre": "Joaquín",
      "status": true,
      "created_date": "2022-01-06T19:40:06.690Z"
    }
  },
  {
    "model": "utils.ciudad",
    "pk": 378,
    "fields": {
      "provincia": 13,
      "nombre": "Pirque",
      "status": true,
      "created_date": "2022-01-06T19:40:06.693Z"
    }
  },
  {
    "model": "utils.ciudad",
    "pk": 379,
    "fields": {
      "provincia": 13,
      "nombre": "San José de Maipo",
      "status": true,
      "created_date": "2022-01-06T19:40:06.697Z"
    }
  },
  {
    "model": "utils.ciudad",
    "pk": 380,
    "fields": {
      "provincia": 13,
      "nombre": "Lampa",
      "status": true,
      "created_date": "2022-01-06T19:40:06.699Z"
    }
  },
  {
    "model": "utils.ciudad",
    "pk": 381,
    "fields": {
      "provincia": 13,
      "nombre": "Tiltil",
      "status": true,
      "created_date": "2022-01-06T19:40:06.702Z"
    }
  },
  {
    "model": "utils.ciudad",
    "pk": 382,
    "fields": {
      "provincia": 13,
      "nombre": "San Bernardo",
      "status": true,
      "created_date": "2022-01-06T19:40:06.706Z"
    }
  },
  {
    "model": "utils.ciudad",
    "pk": 383,
    "fields": {
      "provincia": 13,
      "nombre": "Paine",
      "status": true,
      "created_date": "2022-01-06T19:40:06.710Z"
    }
  },
  {
    "model": "utils.ciudad",
    "pk": 384,
    "fields": {
      "provincia": 13,
      "nombre": "Alhué",
      "status": true,
      "created_date": "2022-01-06T19:40:06.713Z"
    }
  },
  {
    "model": "utils.ciudad",
    "pk": 385,
    "fields": {
      "provincia": 13,
      "nombre": "María Pinto",
      "status": true,
      "created_date": "2022-01-06T19:40:06.716Z"
    }
  },
  {
    "model": "utils.ciudad",
    "pk": 386,
    "fields": {
      "provincia": 13,
      "nombre": "San Pedro",
      "status": true,
      "created_date": "2022-01-06T19:40:06.718Z"
    }
  },
  {
    "model": "utils.ciudad",
    "pk": 387,
    "fields": {
      "provincia": 13,
      "nombre": "El Monte",
      "status": true,
      "created_date": "2022-01-06T19:40:06.721Z"
    }
  },
  {
    "model": "utils.ciudad",
    "pk": 388,
    "fields": {
      "provincia": 13,
      "nombre": "Isla de Maipo",
      "status": true,
      "created_date": "2022-01-06T19:40:06.724Z"
    }
  },
  {
    "model": "utils.ciudad",
    "pk": 389,
    "fields": {
      "provincia": 8,
      "nombre": "Carampangue",
      "status": true,
      "created_date": "2022-01-06T19:40:06.284Z"
    }
  },
  {
    "model": "utils.ciudad",
    "pk": 390,
    "fields": {
      "provincia": 30,
      "nombre": "Cauquenes",
      "status": true,
      "created_date": "2022-01-14T18:58:58.144Z"
    }
  },
  {
    "model": "utils.ciudad",
    "pk": 391,
    "fields": {
      "provincia": 30,
      "nombre": "Chanco",
      "status": true,
      "created_date": "2022-01-14T18:59:10.581Z"
    }
  },
  {
    "model": "utils.ciudad",
    "pk": 392,
    "fields": {
      "provincia": 30,
      "nombre": "Pelluhue",
      "status": true,
      "created_date": "2022-01-14T18:59:21.341Z"
    }
  },
  {
    "model": "utils.cargo",
    "pk": 1,
    "fields": {
      "nombre": "Abogado corporativo",
      "descripcion": "1",
      "status": true,
      "created_date": "2022-01-06T20:05:11.905Z"
    }
  },
  {
    "model": "utils.cargo",
    "pk": 2,
    "fields": {
      "nombre": "Administrador de Contrato",
      "descripcion": "2",
      "status": true,
      "created_date": "2022-01-06T20:05:11.909Z"
    }
  },
  {
    "model": "utils.cargo",
    "pk": 3,
    "fields": {
      "nombre": "Administrador de Repuestos y Servicios",
      "descripcion": "3",
      "status": true,
      "created_date": "2022-01-06T20:05:11.912Z"
    }
  },
  {
    "model": "utils.cargo",
    "pk": 4,
    "fields": {
      "nombre": "Administrativo",
      "descripcion": "4",
      "status": true,
      "created_date": "2022-01-06T20:05:11.914Z"
    }
  },
  {
    "model": "utils.cargo",
    "pk": 5,
    "fields": {
      "nombre": "Administrativo de HSE",
      "descripcion": "5",
      "status": true,
      "created_date": "2022-01-06T20:05:11.917Z"
    }
  },
  {
    "model": "utils.cargo",
    "pk": 6,
    "fields": {
      "nombre": "Administrativo de Obra",
      "descripcion": "6",
      "status": true,
      "created_date": "2022-01-06T20:05:11.919Z"
    }
  },
  {
    "model": "utils.cargo",
    "pk": 7,
    "fields": {
      "nombre": "Administrativo de RRHH",
      "descripcion": "7",
      "status": true,
      "created_date": "2022-01-06T20:05:11.922Z"
    }
  },
  {
    "model": "utils.cargo",
    "pk": 8,
    "fields": {
      "nombre": "Agente de Cambio",
      "descripcion": "8",
      "status": true,
      "created_date": "2022-01-06T20:05:11.924Z"
    }
  },
  {
    "model": "utils.cargo",
    "pk": 9,
    "fields": {
      "nombre": "Alarife",
      "descripcion": "9",
      "status": true,
      "created_date": "2022-01-06T20:05:11.926Z"
    }
  },
  {
    "model": "utils.cargo",
    "pk": 10,
    "fields": {
      "nombre": "Albañil",
      "descripcion": "10",
      "status": true,
      "created_date": "2022-01-06T20:05:11.929Z"
    }
  },
  {
    "model": "utils.cargo",
    "pk": 11,
    "fields": {
      "nombre": "Alimentador de  Palillos",
      "descripcion": "11",
      "status": true,
      "created_date": "2022-01-06T20:05:11.931Z"
    }
  },
  {
    "model": "utils.cargo",
    "pk": 12,
    "fields": {
      "nombre": "Analista",
      "descripcion": "12",
      "status": true,
      "created_date": "2022-01-06T20:05:11.934Z"
    }
  },
  {
    "model": "utils.cargo",
    "pk": 13,
    "fields": {
      "nombre": "Analista / Operador Laboratorio",
      "descripcion": "13",
      "status": true,
      "created_date": "2022-01-06T20:05:11.936Z"
    }
  },
  {
    "model": "utils.cargo",
    "pk": 14,
    "fields": {
      "nombre": "Analista Administrativo",
      "descripcion": "14",
      "status": true,
      "created_date": "2022-01-06T20:05:11.938Z"
    }
  },
  {
    "model": "utils.cargo",
    "pk": 15,
    "fields": {
      "nombre": "Analista Contable",
      "descripcion": "15",
      "status": true,
      "created_date": "2022-01-06T20:05:11.941Z"
    }
  },
  {
    "model": "utils.cargo",
    "pk": 16,
    "fields": {
      "nombre": "Analista Control de Calidad",
      "descripcion": "16",
      "status": true,
      "created_date": "2022-01-06T20:05:11.943Z"
    }
  },
  {
    "model": "utils.cargo",
    "pk": 17,
    "fields": {
      "nombre": "Analista Control de Proceso",
      "descripcion": "17",
      "status": true,
      "created_date": "2022-01-06T20:05:11.946Z"
    }
  },
  {
    "model": "utils.cargo",
    "pk": 18,
    "fields": {
      "nombre": "Analista cuentas por Cobrar",
      "descripcion": "18",
      "status": true,
      "created_date": "2022-01-06T20:05:11.949Z"
    }
  },
  {
    "model": "utils.cargo",
    "pk": 19,
    "fields": {
      "nombre": "Analista de Desarrollo",
      "descripcion": "19",
      "status": true,
      "created_date": "2022-01-06T20:05:11.951Z"
    }
  },
  {
    "model": "utils.cargo",
    "pk": 20,
    "fields": {
      "nombre": "Analista de Ensayos Físicos",
      "descripcion": "20",
      "status": true,
      "created_date": "2022-01-06T20:05:11.954Z"
    }
  },
  {
    "model": "utils.cargo",
    "pk": 21,
    "fields": {
      "nombre": "Analista de Laboratorio",
      "descripcion": "21",
      "status": true,
      "created_date": "2022-01-06T20:05:11.956Z"
    }
  },
  {
    "model": "utils.cargo",
    "pk": 22,
    "fields": {
      "nombre": "Analista de Operaciones",
      "descripcion": "22",
      "status": true,
      "created_date": "2022-01-06T20:05:11.958Z"
    }
  },
  {
    "model": "utils.cargo",
    "pk": 23,
    "fields": {
      "nombre": "Analista de procurement",
      "descripcion": "23",
      "status": true,
      "created_date": "2022-01-06T20:05:11.960Z"
    }
  },
  {
    "model": "utils.cargo",
    "pk": 24,
    "fields": {
      "nombre": "Analista de Productos Forestales",
      "descripcion": "24",
      "status": true,
      "created_date": "2022-01-06T20:05:11.963Z"
    }
  },
  {
    "model": "utils.cargo",
    "pk": 25,
    "fields": {
      "nombre": "Analista de Remuneraciones",
      "descripcion": "25",
      "status": true,
      "created_date": "2022-01-06T20:05:11.965Z"
    }
  },
  {
    "model": "utils.cargo",
    "pk": 26,
    "fields": {
      "nombre": "Analista de Ventas",
      "descripcion": "26",
      "status": true,
      "created_date": "2022-01-06T20:05:11.967Z"
    }
  },
  {
    "model": "utils.cargo",
    "pk": 27,
    "fields": {
      "nombre": "Analista Gestión de Calidad",
      "descripcion": "27",
      "status": true,
      "created_date": "2022-01-06T20:05:11.970Z"
    }
  },
  {
    "model": "utils.cargo",
    "pk": 28,
    "fields": {
      "nombre": "Analista laboratorio Efluentes Terreno",
      "descripcion": "28",
      "status": true,
      "created_date": "2022-01-06T20:05:11.972Z"
    }
  },
  {
    "model": "utils.cargo",
    "pk": 29,
    "fields": {
      "nombre": "Analista OPP",
      "descripcion": "29",
      "status": true,
      "created_date": "2022-01-06T20:05:11.974Z"
    }
  },
  {
    "model": "utils.cargo",
    "pk": 30,
    "fields": {
      "nombre": "Analista Químico",
      "descripcion": "30",
      "status": true,
      "created_date": "2022-01-06T20:05:11.977Z"
    }
  },
  {
    "model": "utils.cargo",
    "pk": 31,
    "fields": {
      "nombre": "Analista RRHH",
      "descripcion": "31",
      "status": true,
      "created_date": "2022-01-06T20:05:11.979Z"
    }
  },
  {
    "model": "utils.cargo",
    "pk": 32,
    "fields": {
      "nombre": "Analista SIG",
      "descripcion": "32",
      "status": true,
      "created_date": "2022-01-06T20:05:11.981Z"
    }
  },
  {
    "model": "utils.cargo",
    "pk": 33,
    "fields": {
      "nombre": "Analytics Specialist",
      "descripcion": "33",
      "status": true,
      "created_date": "2022-01-06T20:05:11.984Z"
    }
  },
  {
    "model": "utils.cargo",
    "pk": 34,
    "fields": {
      "nombre": "Apoyo / Operador Experto",
      "descripcion": "34",
      "status": true,
      "created_date": "2022-01-06T20:05:11.986Z"
    }
  },
  {
    "model": "utils.cargo",
    "pk": 35,
    "fields": {
      "nombre": "Apoyo Abastecimiento",
      "descripcion": "35",
      "status": true,
      "created_date": "2022-01-06T20:05:11.988Z"
    }
  },
  {
    "model": "utils.cargo",
    "pk": 36,
    "fields": {
      "nombre": "Apoyo Administrativo",
      "descripcion": "36",
      "status": true,
      "created_date": "2022-01-06T20:05:11.991Z"
    }
  },
  {
    "model": "utils.cargo",
    "pk": 37,
    "fields": {
      "nombre": "Apoyo Administrativo Cadena de Custodia",
      "descripcion": "37",
      "status": true,
      "created_date": "2022-01-06T20:05:11.993Z"
    }
  },
  {
    "model": "utils.cargo",
    "pk": 38,
    "fields": {
      "nombre": "Apoyo Contable",
      "descripcion": "38",
      "status": true,
      "created_date": "2022-01-06T20:05:11.995Z"
    }
  },
  {
    "model": "utils.cargo",
    "pk": 39,
    "fields": {
      "nombre": "Apoyo de Bodega",
      "descripcion": "39",
      "status": true,
      "created_date": "2022-01-06T20:05:11.998Z"
    }
  },
  {
    "model": "utils.cargo",
    "pk": 40,
    "fields": {
      "nombre": "Apoyo Moviles EPP",
      "descripcion": "40",
      "status": true,
      "created_date": "2022-01-06T20:05:12.000Z"
    }
  },
  {
    "model": "utils.cargo",
    "pk": 41,
    "fields": {
      "nombre": "Apoyo Servicios Generales",
      "descripcion": "41",
      "status": true,
      "created_date": "2022-01-06T20:05:12.002Z"
    }
  },
  {
    "model": "utils.cargo",
    "pk": 42,
    "fields": {
      "nombre": "Apoyo SSO",
      "descripcion": "42",
      "status": true,
      "created_date": "2022-01-06T20:05:12.005Z"
    }
  },
  {
    "model": "utils.cargo",
    "pk": 43,
    "fields": {
      "nombre": "Apoyo Superintendencia de Medio Ambiente",
      "descripcion": "43",
      "status": true,
      "created_date": "2022-01-06T20:05:12.008Z"
    }
  },
  {
    "model": "utils.cargo",
    "pk": 44,
    "fields": {
      "nombre": "Apoyo V/V EPP",
      "descripcion": "44",
      "status": true,
      "created_date": "2022-01-06T20:05:12.010Z"
    }
  },
  {
    "model": "utils.cargo",
    "pk": 45,
    "fields": {
      "nombre": "Ascensorista",
      "descripcion": "45",
      "status": true,
      "created_date": "2022-01-06T20:05:12.012Z"
    }
  },
  {
    "model": "utils.cargo",
    "pk": 46,
    "fields": {
      "nombre": "Asesor",
      "descripcion": "46",
      "status": true,
      "created_date": "2022-01-06T20:05:12.015Z"
    }
  },
  {
    "model": "utils.cargo",
    "pk": 47,
    "fields": {
      "nombre": "Asesor en Prevención de Riesgos",
      "descripcion": "47",
      "status": true,
      "created_date": "2022-01-06T20:05:12.017Z"
    }
  },
  {
    "model": "utils.cargo",
    "pk": 48,
    "fields": {
      "nombre": "Asesor Manteción Calderas",
      "descripcion": "48",
      "status": true,
      "created_date": "2022-01-06T20:05:12.019Z"
    }
  },
  {
    "model": "utils.cargo",
    "pk": 49,
    "fields": {
      "nombre": "Asesor Técnico en Instrumentación ",
      "descripcion": "49",
      "status": true,
      "created_date": "2022-01-06T20:05:12.022Z"
    }
  },
  {
    "model": "utils.cargo",
    "pk": 50,
    "fields": {
      "nombre": "Asistente",
      "descripcion": "50",
      "status": true,
      "created_date": "2022-01-06T20:05:12.024Z"
    }
  },
  {
    "model": "utils.cargo",
    "pk": 51,
    "fields": {
      "nombre": "Asistente Administrativo",
      "descripcion": "51",
      "status": true,
      "created_date": "2022-01-06T20:05:12.026Z"
    }
  },
  {
    "model": "utils.cargo",
    "pk": 52,
    "fields": {
      "nombre": "Asistente Administrativo Bilingüe",
      "descripcion": "52",
      "status": true,
      "created_date": "2022-01-06T20:05:12.028Z"
    }
  },
  {
    "model": "utils.cargo",
    "pk": 53,
    "fields": {
      "nombre": "Asistente Bodega",
      "descripcion": "53",
      "status": true,
      "created_date": "2022-01-06T20:05:12.030Z"
    }
  },
  {
    "model": "utils.cargo",
    "pk": 54,
    "fields": {
      "nombre": "Asistente Contable",
      "descripcion": "54",
      "status": true,
      "created_date": "2022-01-06T20:05:12.033Z"
    }
  },
  {
    "model": "utils.cargo",
    "pk": 55,
    "fields": {
      "nombre": "Asistente de calidad",
      "descripcion": "55",
      "status": true,
      "created_date": "2022-01-06T20:05:12.035Z"
    }
  },
  {
    "model": "utils.cargo",
    "pk": 56,
    "fields": {
      "nombre": "Asistente de control de ventas",
      "descripcion": "56",
      "status": true,
      "created_date": "2022-01-06T20:05:12.038Z"
    }
  },
  {
    "model": "utils.cargo",
    "pk": 57,
    "fields": {
      "nombre": "Asistente de Gerencia",
      "descripcion": "57",
      "status": true,
      "created_date": "2022-01-06T20:05:12.040Z"
    }
  },
  {
    "model": "utils.cargo",
    "pk": 58,
    "fields": {
      "nombre": "Asistente de Mantención",
      "descripcion": "58",
      "status": true,
      "created_date": "2022-01-06T20:05:12.042Z"
    }
  },
  {
    "model": "utils.cargo",
    "pk": 59,
    "fields": {
      "nombre": "Asistente de Operaciones",
      "descripcion": "59",
      "status": true,
      "created_date": "2022-01-06T20:05:12.044Z"
    }
  },
  {
    "model": "utils.cargo",
    "pk": 60,
    "fields": {
      "nombre": "Asistente de Remuneraciones",
      "descripcion": "60",
      "status": true,
      "created_date": "2022-01-06T20:05:12.046Z"
    }
  },
  {
    "model": "utils.cargo",
    "pk": 61,
    "fields": {
      "nombre": "Asistente de Repuestos y Servicios",
      "descripcion": "61",
      "status": true,
      "created_date": "2022-01-06T20:05:12.050Z"
    }
  },
  {
    "model": "utils.cargo",
    "pk": 62,
    "fields": {
      "nombre": "Asistente de RRHH",
      "descripcion": "62",
      "status": true,
      "created_date": "2022-01-06T20:05:12.052Z"
    }
  },
  {
    "model": "utils.cargo",
    "pk": 63,
    "fields": {
      "nombre": "Asistente de Seguridad y S.O.",
      "descripcion": "63",
      "status": true,
      "created_date": "2022-01-06T20:05:12.055Z"
    }
  },
  {
    "model": "utils.cargo",
    "pk": 64,
    "fields": {
      "nombre": "Asistente de Transportes",
      "descripcion": "64",
      "status": true,
      "created_date": "2022-01-06T20:05:12.058Z"
    }
  },
  {
    "model": "utils.cargo",
    "pk": 65,
    "fields": {
      "nombre": "Asistente Despacho y Control Stock",
      "descripcion": "65",
      "status": true,
      "created_date": "2022-01-06T20:05:12.060Z"
    }
  },
  {
    "model": "utils.cargo",
    "pk": 66,
    "fields": {
      "nombre": "Asistente Generacion y soporte de Información",
      "descripcion": "66",
      "status": true,
      "created_date": "2022-01-06T20:05:12.062Z"
    }
  },
  {
    "model": "utils.cargo",
    "pk": 67,
    "fields": {
      "nombre": "Asistente Gestión de Repuestos",
      "descripcion": "67",
      "status": true,
      "created_date": "2022-01-06T20:05:12.065Z"
    }
  },
  {
    "model": "utils.cargo",
    "pk": 68,
    "fields": {
      "nombre": "Asistente Logístico",
      "descripcion": "68",
      "status": true,
      "created_date": "2022-01-06T20:05:12.067Z"
    }
  },
  {
    "model": "utils.cargo",
    "pk": 69,
    "fields": {
      "nombre": "Asistente Masso",
      "descripcion": "69",
      "status": true,
      "created_date": "2022-01-06T20:05:12.071Z"
    }
  },
  {
    "model": "utils.cargo",
    "pk": 70,
    "fields": {
      "nombre": "Asistente Planificación",
      "descripcion": "70",
      "status": true,
      "created_date": "2022-01-06T20:05:12.073Z"
    }
  },
  {
    "model": "utils.cargo",
    "pk": 71,
    "fields": {
      "nombre": "Asistente Recepcionista",
      "descripcion": "71",
      "status": true,
      "created_date": "2022-01-06T20:05:12.075Z"
    }
  },
  {
    "model": "utils.cargo",
    "pk": 72,
    "fields": {
      "nombre": "Asistente RRHH",
      "descripcion": "72",
      "status": true,
      "created_date": "2022-01-06T20:05:12.077Z"
    }
  },
  {
    "model": "utils.cargo",
    "pk": 73,
    "fields": {
      "nombre": "Asistente Servicio al Cliente",
      "descripcion": "73",
      "status": true,
      "created_date": "2022-01-06T20:05:12.079Z"
    }
  },
  {
    "model": "utils.cargo",
    "pk": 74,
    "fields": {
      "nombre": "Asistente Social",
      "descripcion": "74",
      "status": true,
      "created_date": "2022-01-06T20:05:12.082Z"
    }
  },
  {
    "model": "utils.cargo",
    "pk": 75,
    "fields": {
      "nombre": "Asistente Técnico - Administrativo",
      "descripcion": "75",
      "status": true,
      "created_date": "2022-01-06T20:05:12.085Z"
    }
  },
  {
    "model": "utils.cargo",
    "pk": 76,
    "fields": {
      "nombre": "Asistente Técnico de Producción",
      "descripcion": "76",
      "status": true,
      "created_date": "2022-01-06T20:05:12.087Z"
    }
  },
  {
    "model": "utils.cargo",
    "pk": 77,
    "fields": {
      "nombre": "Auditor Control de Procesos",
      "descripcion": "77",
      "status": true,
      "created_date": "2022-01-06T20:05:12.089Z"
    }
  },
  {
    "model": "utils.cargo",
    "pk": 78,
    "fields": {
      "nombre": "Auditora de Calidad",
      "descripcion": "78",
      "status": true,
      "created_date": "2022-01-06T20:05:12.091Z"
    }
  },
  {
    "model": "utils.cargo",
    "pk": 79,
    "fields": {
      "nombre": "Auxiliar",
      "descripcion": "79",
      "status": true,
      "created_date": "2022-01-06T20:05:12.093Z"
    }
  },
  {
    "model": "utils.cargo",
    "pk": 80,
    "fields": {
      "nombre": "Auxiliar Administrativo ",
      "descripcion": "80",
      "status": true,
      "created_date": "2022-01-06T20:05:12.095Z"
    }
  },
  {
    "model": "utils.cargo",
    "pk": 81,
    "fields": {
      "nombre": "Auxiliar de Aseo",
      "descripcion": "81",
      "status": true,
      "created_date": "2022-01-06T20:05:12.097Z"
    }
  },
  {
    "model": "utils.cargo",
    "pk": 82,
    "fields": {
      "nombre": "Auxiliar de Prevención riesgos",
      "descripcion": "82",
      "status": true,
      "created_date": "2022-01-06T20:05:12.100Z"
    }
  },
  {
    "model": "utils.cargo",
    "pk": 83,
    "fields": {
      "nombre": "Auxiliar de producción y montaje",
      "descripcion": "83",
      "status": true,
      "created_date": "2022-01-06T20:05:12.103Z"
    }
  },
  {
    "model": "utils.cargo",
    "pk": 84,
    "fields": {
      "nombre": "Auxiliar-Recepcionista",
      "descripcion": "84",
      "status": true,
      "created_date": "2022-01-06T20:05:12.105Z"
    }
  },
  {
    "model": "utils.cargo",
    "pk": 85,
    "fields": {
      "nombre": "Ayudante",
      "descripcion": "85",
      "status": true,
      "created_date": "2022-01-06T20:05:12.107Z"
    }
  },
  {
    "model": "utils.cargo",
    "pk": 86,
    "fields": {
      "nombre": "Ayudante Aserradero",
      "descripcion": "86",
      "status": true,
      "created_date": "2022-01-06T20:05:12.109Z"
    }
  },
  {
    "model": "utils.cargo",
    "pk": 87,
    "fields": {
      "nombre": "Ayudante Cámara Secado",
      "descripcion": "87",
      "status": true,
      "created_date": "2022-01-06T20:05:12.111Z"
    }
  },
  {
    "model": "utils.cargo",
    "pk": 88,
    "fields": {
      "nombre": "Ayudante Carga y Descarga",
      "descripcion": "88",
      "status": true,
      "created_date": "2022-01-06T20:05:12.114Z"
    }
  },
  {
    "model": "utils.cargo",
    "pk": 89,
    "fields": {
      "nombre": "Ayudante Cepillado-Pallet",
      "descripcion": "89",
      "status": true,
      "created_date": "2022-01-06T20:05:12.117Z"
    }
  },
  {
    "model": "utils.cargo",
    "pk": 90,
    "fields": {
      "nombre": "Ayudante Chaflan",
      "descripcion": "90",
      "status": true,
      "created_date": "2022-01-06T20:05:12.119Z"
    }
  },
  {
    "model": "utils.cargo",
    "pk": 91,
    "fields": {
      "nombre": "Ayudante Control de Calidad",
      "descripcion": "91",
      "status": true,
      "created_date": "2022-01-06T20:05:12.121Z"
    }
  },
  {
    "model": "utils.cargo",
    "pk": 92,
    "fields": {
      "nombre": "Ayudante control producción",
      "descripcion": "92",
      "status": true,
      "created_date": "2022-01-06T20:05:12.123Z"
    }
  },
  {
    "model": "utils.cargo",
    "pk": 93,
    "fields": {
      "nombre": "Ayudante de Bodega",
      "descripcion": "93",
      "status": true,
      "created_date": "2022-01-06T20:05:12.126Z"
    }
  },
  {
    "model": "utils.cargo",
    "pk": 94,
    "fields": {
      "nombre": "Ayudante de Caldera Recuperadora",
      "descripcion": "94",
      "status": true,
      "created_date": "2022-01-06T20:05:12.128Z"
    }
  },
  {
    "model": "utils.cargo",
    "pk": 95,
    "fields": {
      "nombre": "Ayudante de Confinamiento",
      "descripcion": "95",
      "status": true,
      "created_date": "2022-01-06T20:05:12.131Z"
    }
  },
  {
    "model": "utils.cargo",
    "pk": 96,
    "fields": {
      "nombre": "Ayudante de Operaciones",
      "descripcion": "96",
      "status": true,
      "created_date": "2022-01-06T20:05:12.135Z"
    }
  },
  {
    "model": "utils.cargo",
    "pk": 97,
    "fields": {
      "nombre": "Ayudante de Palillera",
      "descripcion": "97",
      "status": true,
      "created_date": "2022-01-06T20:05:12.137Z"
    }
  },
  {
    "model": "utils.cargo",
    "pk": 98,
    "fields": {
      "nombre": "Ayudante de Producción",
      "descripcion": "98",
      "status": true,
      "created_date": "2022-01-06T20:05:12.139Z"
    }
  },
  {
    "model": "utils.cargo",
    "pk": 99,
    "fields": {
      "nombre": "Ayudante de romana",
      "descripcion": "99",
      "status": true,
      "created_date": "2022-01-06T20:05:12.141Z"
    }
  },
  {
    "model": "utils.cargo",
    "pk": 100,
    "fields": {
      "nombre": "Ayudante Descortezado",
      "descripcion": "100",
      "status": true,
      "created_date": "2022-01-06T20:05:12.143Z"
    }
  },
  {
    "model": "utils.cargo",
    "pk": 101,
    "fields": {
      "nombre": "Ayudante Embalaje Seco",
      "descripcion": "101",
      "status": true,
      "created_date": "2022-01-06T20:05:12.146Z"
    }
  },
  {
    "model": "utils.cargo",
    "pk": 102,
    "fields": {
      "nombre": "Ayudante Expeditor",
      "descripcion": "102",
      "status": true,
      "created_date": "2022-01-06T20:05:12.149Z"
    }
  },
  {
    "model": "utils.cargo",
    "pk": 103,
    "fields": {
      "nombre": "Ayudante Finger",
      "descripcion": "103",
      "status": true,
      "created_date": "2022-01-06T20:05:12.151Z"
    }
  },
  {
    "model": "utils.cargo",
    "pk": 104,
    "fields": {
      "nombre": "Ayudante Kallfass",
      "descripcion": "104",
      "status": true,
      "created_date": "2022-01-06T20:05:12.154Z"
    }
  },
  {
    "model": "utils.cargo",
    "pk": 105,
    "fields": {
      "nombre": "Ayudante Máquina",
      "descripcion": "105",
      "status": true,
      "created_date": "2022-01-06T20:05:12.156Z"
    }
  },
  {
    "model": "utils.cargo",
    "pk": 106,
    "fields": {
      "nombre": "Ayudante Móvil",
      "descripcion": "106",
      "status": true,
      "created_date": "2022-01-06T20:05:12.159Z"
    }
  },
  {
    "model": "utils.cargo",
    "pk": 107,
    "fields": {
      "nombre": "Ayudante Multipropósito",
      "descripcion": "107",
      "status": true,
      "created_date": "2022-01-06T20:05:12.162Z"
    }
  },
  {
    "model": "utils.cargo",
    "pk": 108,
    "fields": {
      "nombre": "Ayudante Operador Cepillado",
      "descripcion": "108",
      "status": true,
      "created_date": "2022-01-06T20:05:12.166Z"
    }
  },
  {
    "model": "utils.cargo",
    "pk": 109,
    "fields": {
      "nombre": "Ayudante Pallet",
      "descripcion": "109",
      "status": true,
      "created_date": "2022-01-06T20:05:12.169Z"
    }
  },
  {
    "model": "utils.cargo",
    "pk": 110,
    "fields": {
      "nombre": "Ayudante Patio Verde",
      "descripcion": "110",
      "status": true,
      "created_date": "2022-01-06T20:05:12.172Z"
    }
  },
  {
    "model": "utils.cargo",
    "pk": 111,
    "fields": {
      "nombre": "Ayudante Primero",
      "descripcion": "111",
      "status": true,
      "created_date": "2022-01-06T20:05:12.174Z"
    }
  },
  {
    "model": "utils.cargo",
    "pk": 112,
    "fields": {
      "nombre": "Ayudante Proyecto",
      "descripcion": "112",
      "status": true,
      "created_date": "2022-01-06T20:05:12.177Z"
    }
  },
  {
    "model": "utils.cargo",
    "pk": 113,
    "fields": {
      "nombre": "Ayudante Secado",
      "descripcion": "113",
      "status": true,
      "created_date": "2022-01-06T20:05:12.180Z"
    }
  },
  {
    "model": "utils.cargo",
    "pk": 114,
    "fields": {
      "nombre": "Ayudante Soldador",
      "descripcion": "114",
      "status": true,
      "created_date": "2022-01-06T20:05:12.183Z"
    }
  },
  {
    "model": "utils.cargo",
    "pk": 115,
    "fields": {
      "nombre": "Ayudante Sorter",
      "descripcion": "115",
      "status": true,
      "created_date": "2022-01-06T20:05:12.186Z"
    }
  },
  {
    "model": "utils.cargo",
    "pk": 116,
    "fields": {
      "nombre": "Ayudante Stacker",
      "descripcion": "116",
      "status": true,
      "created_date": "2022-01-06T20:05:12.190Z"
    }
  },
  {
    "model": "utils.cargo",
    "pk": 117,
    "fields": {
      "nombre": "Ayudante Taller Afilado",
      "descripcion": "117",
      "status": true,
      "created_date": "2022-01-06T20:05:12.192Z"
    }
  },
  {
    "model": "utils.cargo",
    "pk": 118,
    "fields": {
      "nombre": "Ayudante Taller de Filos ",
      "descripcion": "118",
      "status": true,
      "created_date": "2022-01-06T20:05:12.195Z"
    }
  },
  {
    "model": "utils.cargo",
    "pk": 119,
    "fields": {
      "nombre": "Ayudante Taquera",
      "descripcion": "119",
      "status": true,
      "created_date": "2022-01-06T20:05:12.199Z"
    }
  },
  {
    "model": "utils.cargo",
    "pk": 120,
    "fields": {
      "nombre": "Ayudante Trozado",
      "descripcion": "120",
      "status": true,
      "created_date": "2022-01-06T20:05:12.202Z"
    }
  },
  {
    "model": "utils.cargo",
    "pk": 121,
    "fields": {
      "nombre": "Bodeguero",
      "descripcion": "121",
      "status": true,
      "created_date": "2022-01-06T20:05:12.204Z"
    }
  },
  {
    "model": "utils.cargo",
    "pk": 122,
    "fields": {
      "nombre": "Business Analytics Specialist",
      "descripcion": "122",
      "status": true,
      "created_date": "2022-01-06T20:05:12.207Z"
    }
  },
  {
    "model": "utils.cargo",
    "pk": 123,
    "fields": {
      "nombre": "Calderero",
      "descripcion": "123",
      "status": true,
      "created_date": "2022-01-06T20:05:12.209Z"
    }
  },
  {
    "model": "utils.cargo",
    "pk": 124,
    "fields": {
      "nombre": "Calderero M1",
      "descripcion": "124",
      "status": true,
      "created_date": "2022-01-06T20:05:12.212Z"
    }
  },
  {
    "model": "utils.cargo",
    "pk": 125,
    "fields": {
      "nombre": "Calderero M2",
      "descripcion": "125",
      "status": true,
      "created_date": "2022-01-06T20:05:12.215Z"
    }
  },
  {
    "model": "utils.cargo",
    "pk": 126,
    "fields": {
      "nombre": "Capataz",
      "descripcion": "126",
      "status": true,
      "created_date": "2022-01-06T20:05:12.218Z"
    }
  },
  {
    "model": "utils.cargo",
    "pk": 127,
    "fields": {
      "nombre": "Cargos Básicos",
      "descripcion": "127",
      "status": true,
      "created_date": "2022-01-06T20:05:12.221Z"
    }
  },
  {
    "model": "utils.cargo",
    "pk": 128,
    "fields": {
      "nombre": "Cartógrafo",
      "descripcion": "128",
      "status": true,
      "created_date": "2022-01-06T20:05:12.224Z"
    }
  },
  {
    "model": "utils.cargo",
    "pk": 129,
    "fields": {
      "nombre": "Ceramista",
      "descripcion": "129",
      "status": true,
      "created_date": "2022-01-06T20:05:12.227Z"
    }
  },
  {
    "model": "utils.cargo",
    "pk": 130,
    "fields": {
      "nombre": "Chofer",
      "descripcion": "130",
      "status": true,
      "created_date": "2022-01-06T20:05:12.230Z"
    }
  },
  {
    "model": "utils.cargo",
    "pk": 131,
    "fields": {
      "nombre": "Clasificador",
      "descripcion": "131",
      "status": true,
      "created_date": "2022-01-06T20:05:12.233Z"
    }
  },
  {
    "model": "utils.cargo",
    "pk": 132,
    "fields": {
      "nombre": "Clasificador 1",
      "descripcion": "132",
      "status": true,
      "created_date": "2022-01-06T20:05:12.236Z"
    }
  },
  {
    "model": "utils.cargo",
    "pk": 133,
    "fields": {
      "nombre": "Clasificador Area Reaserrio",
      "descripcion": "133",
      "status": true,
      "created_date": "2022-01-06T20:05:12.238Z"
    }
  },
  {
    "model": "utils.cargo",
    "pk": 134,
    "fields": {
      "nombre": "Clasificador Escuadradora",
      "descripcion": "134",
      "status": true,
      "created_date": "2022-01-06T20:05:12.241Z"
    }
  },
  {
    "model": "utils.cargo",
    "pk": 135,
    "fields": {
      "nombre": "Clasificador Kallfass",
      "descripcion": "135",
      "status": true,
      "created_date": "2022-01-06T20:05:12.244Z"
    }
  },
  {
    "model": "utils.cargo",
    "pk": 136,
    "fields": {
      "nombre": "Clasificador Moldurera",
      "descripcion": "136",
      "status": true,
      "created_date": "2022-01-06T20:05:12.246Z"
    }
  },
  {
    "model": "utils.cargo",
    "pk": 137,
    "fields": {
      "nombre": "Comprador",
      "descripcion": "137",
      "status": true,
      "created_date": "2022-01-06T20:05:12.249Z"
    }
  },
  {
    "model": "utils.cargo",
    "pk": 138,
    "fields": {
      "nombre": "Conductor de Camión Pluma",
      "descripcion": "138",
      "status": true,
      "created_date": "2022-01-06T20:05:12.252Z"
    }
  },
  {
    "model": "utils.cargo",
    "pk": 139,
    "fields": {
      "nombre": "Contralor de Unidad de Negocio",
      "descripcion": "139",
      "status": true,
      "created_date": "2022-01-06T20:05:12.254Z"
    }
  },
  {
    "model": "utils.cargo",
    "pk": 140,
    "fields": {
      "nombre": "Contralor País",
      "descripcion": "140",
      "status": true,
      "created_date": "2022-01-06T20:05:12.257Z"
    }
  },
  {
    "model": "utils.cargo",
    "pk": 141,
    "fields": {
      "nombre": "Control de Calidad",
      "descripcion": "141",
      "status": true,
      "created_date": "2022-01-06T20:05:12.260Z"
    }
  },
  {
    "model": "utils.cargo",
    "pk": 142,
    "fields": {
      "nombre": "Coordinador",
      "descripcion": "142",
      "status": true,
      "created_date": "2022-01-06T20:05:12.262Z"
    }
  },
  {
    "model": "utils.cargo",
    "pk": 143,
    "fields": {
      "nombre": "Coordinador de Servicios",
      "descripcion": "143",
      "status": true,
      "created_date": "2022-01-06T20:05:12.266Z"
    }
  },
  {
    "model": "utils.cargo",
    "pk": 144,
    "fields": {
      "nombre": "Coordinador de supervisores",
      "descripcion": "144",
      "status": true,
      "created_date": "2022-01-06T20:05:12.269Z"
    }
  },
  {
    "model": "utils.cargo",
    "pk": 145,
    "fields": {
      "nombre": "Coordinador Distribucion",
      "descripcion": "145",
      "status": true,
      "created_date": "2022-01-06T20:05:12.271Z"
    }
  },
  {
    "model": "utils.cargo",
    "pk": 146,
    "fields": {
      "nombre": "Coordinador HSE",
      "descripcion": "146",
      "status": true,
      "created_date": "2022-01-06T20:05:12.274Z"
    }
  },
  {
    "model": "utils.cargo",
    "pk": 147,
    "fields": {
      "nombre": "Coordinador local",
      "descripcion": "147",
      "status": true,
      "created_date": "2022-01-06T20:05:12.277Z"
    }
  },
  {
    "model": "utils.cargo",
    "pk": 148,
    "fields": {
      "nombre": "Coordinador Local Comercial",
      "descripcion": "148",
      "status": true,
      "created_date": "2022-01-06T20:05:12.279Z"
    }
  },
  {
    "model": "utils.cargo",
    "pk": 149,
    "fields": {
      "nombre": "Coordinador Logístico",
      "descripcion": "149",
      "status": true,
      "created_date": "2022-01-06T20:05:12.283Z"
    }
  },
  {
    "model": "utils.cargo",
    "pk": 150,
    "fields": {
      "nombre": "Customer Service",
      "descripcion": "150",
      "status": true,
      "created_date": "2022-01-06T20:05:12.286Z"
    }
  },
  {
    "model": "utils.cargo",
    "pk": 151,
    "fields": {
      "nombre": "Data Analytics",
      "descripcion": "151",
      "status": true,
      "created_date": "2022-01-06T20:05:12.289Z"
    }
  },
  {
    "model": "utils.cargo",
    "pk": 152,
    "fields": {
      "nombre": "Data Master ",
      "descripcion": "152",
      "status": true,
      "created_date": "2022-01-06T20:05:12.291Z"
    }
  },
  {
    "model": "utils.cargo",
    "pk": 153,
    "fields": {
      "nombre": "Descargador de Producto Químico",
      "descripcion": "153",
      "status": true,
      "created_date": "2022-01-06T20:05:12.294Z"
    }
  },
  {
    "model": "utils.cargo",
    "pk": 154,
    "fields": {
      "nombre": "Despachador",
      "descripcion": "154",
      "status": true,
      "created_date": "2022-01-06T20:05:12.297Z"
    }
  },
  {
    "model": "utils.cargo",
    "pk": 155,
    "fields": {
      "nombre": "Despachador Ayudante Bodega",
      "descripcion": "155",
      "status": true,
      "created_date": "2022-01-06T20:05:12.300Z"
    }
  },
  {
    "model": "utils.cargo",
    "pk": 156,
    "fields": {
      "nombre": "Despuntador",
      "descripcion": "156",
      "status": true,
      "created_date": "2022-01-06T20:05:12.302Z"
    }
  },
  {
    "model": "utils.cargo",
    "pk": 157,
    "fields": {
      "nombre": "Dibujante Tecnico",
      "descripcion": "157",
      "status": true,
      "created_date": "2022-01-06T20:05:12.305Z"
    }
  },
  {
    "model": "utils.cargo",
    "pk": 158,
    "fields": {
      "nombre": "Digitador",
      "descripcion": "158",
      "status": true,
      "created_date": "2022-01-06T20:05:12.308Z"
    }
  },
  {
    "model": "utils.cargo",
    "pk": 159,
    "fields": {
      "nombre": "Digitador y Apoyo Planificación",
      "descripcion": "159",
      "status": true,
      "created_date": "2022-01-06T20:05:12.310Z"
    }
  },
  {
    "model": "utils.cargo",
    "pk": 160,
    "fields": {
      "nombre": "Director comercial de proyecto",
      "descripcion": "160",
      "status": true,
      "created_date": "2022-01-06T20:05:12.313Z"
    }
  },
  {
    "model": "utils.cargo",
    "pk": 161,
    "fields": {
      "nombre": "Director de Proyecto",
      "descripcion": "161",
      "status": true,
      "created_date": "2022-01-06T20:05:12.316Z"
    }
  },
  {
    "model": "utils.cargo",
    "pk": 162,
    "fields": {
      "nombre": "Director Financiero",
      "descripcion": "162",
      "status": true,
      "created_date": "2022-01-06T20:05:12.319Z"
    }
  },
  {
    "model": "utils.cargo",
    "pk": 163,
    "fields": {
      "nombre": "Eléctrico",
      "descripcion": "163",
      "status": true,
      "created_date": "2022-01-06T20:05:12.322Z"
    }
  },
  {
    "model": "utils.cargo",
    "pk": 164,
    "fields": {
      "nombre": "Eléctrico de Mantenimiento",
      "descripcion": "164",
      "status": true,
      "created_date": "2022-01-06T20:05:12.324Z"
    }
  },
  {
    "model": "utils.cargo",
    "pk": 165,
    "fields": {
      "nombre": "Eléctrico M1",
      "descripcion": "165",
      "status": true,
      "created_date": "2022-01-06T20:05:12.327Z"
    }
  },
  {
    "model": "utils.cargo",
    "pk": 166,
    "fields": {
      "nombre": "Eléctrico M2",
      "descripcion": "166",
      "status": true,
      "created_date": "2022-01-06T20:05:12.329Z"
    }
  },
  {
    "model": "utils.cargo",
    "pk": 167,
    "fields": {
      "nombre": "Electrónico",
      "descripcion": "167",
      "status": true,
      "created_date": "2022-01-06T20:05:12.333Z"
    }
  },
  {
    "model": "utils.cargo",
    "pk": 168,
    "fields": {
      "nombre": "ELIMINAR",
      "descripcion": "168",
      "status": true,
      "created_date": "2022-01-06T20:05:12.335Z"
    }
  },
  {
    "model": "utils.cargo",
    "pk": 169,
    "fields": {
      "nombre": "Encargada de Remuneraciones",
      "descripcion": "169",
      "status": true,
      "created_date": "2022-01-06T20:05:12.338Z"
    }
  },
  {
    "model": "utils.cargo",
    "pk": 170,
    "fields": {
      "nombre": "Encargada Régimen",
      "descripcion": "170",
      "status": true,
      "created_date": "2022-01-06T20:05:12.340Z"
    }
  },
  {
    "model": "utils.cargo",
    "pk": 171,
    "fields": {
      "nombre": "Encargado Administrativo",
      "descripcion": "171",
      "status": true,
      "created_date": "2022-01-06T20:05:12.343Z"
    }
  },
  {
    "model": "utils.cargo",
    "pk": 172,
    "fields": {
      "nombre": "Encargado Control de Calidad",
      "descripcion": "172",
      "status": true,
      "created_date": "2022-01-06T20:05:12.345Z"
    }
  },
  {
    "model": "utils.cargo",
    "pk": 173,
    "fields": {
      "nombre": "Encargado de Bienestar ",
      "descripcion": "173",
      "status": true,
      "created_date": "2022-01-06T20:05:12.349Z"
    }
  },
  {
    "model": "utils.cargo",
    "pk": 174,
    "fields": {
      "nombre": "Encargado de Bloqueo",
      "descripcion": "174",
      "status": true,
      "created_date": "2022-01-06T20:05:12.352Z"
    }
  },
  {
    "model": "utils.cargo",
    "pk": 175,
    "fields": {
      "nombre": "Encargado de Bodega",
      "descripcion": "175",
      "status": true,
      "created_date": "2022-01-06T20:05:12.355Z"
    }
  },
  {
    "model": "utils.cargo",
    "pk": 176,
    "fields": {
      "nombre": "Encargado de Cajas Departamentales",
      "descripcion": "176",
      "status": true,
      "created_date": "2022-01-06T20:05:12.358Z"
    }
  },
  {
    "model": "utils.cargo",
    "pk": 177,
    "fields": {
      "nombre": "Encargado de Codificación",
      "descripcion": "177",
      "status": true,
      "created_date": "2022-01-06T20:05:12.360Z"
    }
  },
  {
    "model": "utils.cargo",
    "pk": 178,
    "fields": {
      "nombre": "Encargado de Contratos",
      "descripcion": "178",
      "status": true,
      "created_date": "2022-01-06T20:05:12.363Z"
    }
  },
  {
    "model": "utils.cargo",
    "pk": 179,
    "fields": {
      "nombre": "Encargado de Control de Calidad",
      "descripcion": "179",
      "status": true,
      "created_date": "2022-01-06T20:05:12.366Z"
    }
  },
  {
    "model": "utils.cargo",
    "pk": 180,
    "fields": {
      "nombre": "Encargado de Emergencia",
      "descripcion": "180",
      "status": true,
      "created_date": "2022-01-06T20:05:12.369Z"
    }
  },
  {
    "model": "utils.cargo",
    "pk": 181,
    "fields": {
      "nombre": "Encargado de Oficina Técnica",
      "descripcion": "181",
      "status": true,
      "created_date": "2022-01-06T20:05:12.371Z"
    }
  },
  {
    "model": "utils.cargo",
    "pk": 182,
    "fields": {
      "nombre": "Encargado de Pintado",
      "descripcion": "182",
      "status": true,
      "created_date": "2022-01-06T20:05:12.374Z"
    }
  },
  {
    "model": "utils.cargo",
    "pk": 183,
    "fields": {
      "nombre": "Encargado de Servicios",
      "descripcion": "183",
      "status": true,
      "created_date": "2022-01-06T20:05:12.376Z"
    }
  },
  {
    "model": "utils.cargo",
    "pk": 184,
    "fields": {
      "nombre": "Encargado Factor Operacional Rendimiento",
      "descripcion": "184",
      "status": true,
      "created_date": "2022-01-06T20:05:12.380Z"
    }
  },
  {
    "model": "utils.cargo",
    "pk": 185,
    "fields": {
      "nombre": "Encargado Mantenimiento",
      "descripcion": "185",
      "status": true,
      "created_date": "2022-01-06T20:05:12.383Z"
    }
  },
  {
    "model": "utils.cargo",
    "pk": 186,
    "fields": {
      "nombre": "Encargado Oficina Técnica",
      "descripcion": "186",
      "status": true,
      "created_date": "2022-01-06T20:05:12.386Z"
    }
  },
  {
    "model": "utils.cargo",
    "pk": 187,
    "fields": {
      "nombre": "Encargado Servicio Personas",
      "descripcion": "187",
      "status": true,
      "created_date": "2022-01-06T20:05:12.389Z"
    }
  },
  {
    "model": "utils.cargo",
    "pk": 188,
    "fields": {
      "nombre": "Enfermera",
      "descripcion": "188",
      "status": true,
      "created_date": "2022-01-06T20:05:12.391Z"
    }
  },
  {
    "model": "utils.cargo",
    "pk": 189,
    "fields": {
      "nombre": "Entrega y Devolución de Sistemas",
      "descripcion": "189",
      "status": true,
      "created_date": "2022-01-06T20:05:12.394Z"
    }
  },
  {
    "model": "utils.cargo",
    "pk": 190,
    "fields": {
      "nombre": "Ergónomo",
      "descripcion": "190",
      "status": true,
      "created_date": "2022-01-06T20:05:12.396Z"
    }
  },
  {
    "model": "utils.cargo",
    "pk": 191,
    "fields": {
      "nombre": "Especialista",
      "descripcion": "191",
      "status": true,
      "created_date": "2022-01-06T20:05:12.399Z"
    }
  },
  {
    "model": "utils.cargo",
    "pk": 192,
    "fields": {
      "nombre": "Especialista de Comunicaciones",
      "descripcion": "192",
      "status": true,
      "created_date": "2022-01-06T20:05:12.402Z"
    }
  },
  {
    "model": "utils.cargo",
    "pk": 193,
    "fields": {
      "nombre": "Especialista de mantenimiento",
      "descripcion": "193",
      "status": true,
      "created_date": "2022-01-06T20:05:12.404Z"
    }
  },
  {
    "model": "utils.cargo",
    "pk": 194,
    "fields": {
      "nombre": "Especialista eléctrico",
      "descripcion": "194",
      "status": true,
      "created_date": "2022-01-06T20:05:12.407Z"
    }
  },
  {
    "model": "utils.cargo",
    "pk": 195,
    "fields": {
      "nombre": "Especialista en Obras maritimas ",
      "descripcion": "195",
      "status": true,
      "created_date": "2022-01-06T20:05:12.409Z"
    }
  },
  {
    "model": "utils.cargo",
    "pk": 196,
    "fields": {
      "nombre": "Especialista Finance & Controlling",
      "descripcion": "196",
      "status": true,
      "created_date": "2022-01-06T20:05:12.412Z"
    }
  },
  {
    "model": "utils.cargo",
    "pk": 197,
    "fields": {
      "nombre": "Especialista instrumentación",
      "descripcion": "197",
      "status": true,
      "created_date": "2022-01-06T20:05:12.416Z"
    }
  },
  {
    "model": "utils.cargo",
    "pk": 198,
    "fields": {
      "nombre": "Especialista OPP",
      "descripcion": "198",
      "status": true,
      "created_date": "2022-01-06T20:05:12.418Z"
    }
  },
  {
    "model": "utils.cargo",
    "pk": 199,
    "fields": {
      "nombre": "Especialista TI",
      "descripcion": "199",
      "status": true,
      "created_date": "2022-01-06T20:05:12.421Z"
    }
  },
  {
    "model": "utils.cargo",
    "pk": 200,
    "fields": {
      "nombre": "Estadístico",
      "descripcion": "200",
      "status": true,
      "created_date": "2022-01-06T20:05:12.423Z"
    }
  },
  {
    "model": "utils.cargo",
    "pk": 201,
    "fields": {
      "nombre": "Evacuador Palillos Cepillado-Sorter",
      "descripcion": "201",
      "status": true,
      "created_date": "2022-01-06T20:05:12.426Z"
    }
  },
  {
    "model": "utils.cargo",
    "pk": 202,
    "fields": {
      "nombre": "Generalista de personas SSO",
      "descripcion": "202",
      "status": true,
      "created_date": "2022-01-06T20:05:12.428Z"
    }
  },
  {
    "model": "utils.cargo",
    "pk": 203,
    "fields": {
      "nombre": "Gerente de Asuntos Legales",
      "descripcion": "203",
      "status": true,
      "created_date": "2022-01-06T20:05:12.431Z"
    }
  },
  {
    "model": "utils.cargo",
    "pk": 204,
    "fields": {
      "nombre": "Gerente de Calidad del Proyecto",
      "descripcion": "204",
      "status": true,
      "created_date": "2022-01-06T20:05:12.434Z"
    }
  },
  {
    "model": "utils.cargo",
    "pk": 205,
    "fields": {
      "nombre": "Gerente de Contrato",
      "descripcion": "205",
      "status": true,
      "created_date": "2022-01-06T20:05:12.437Z"
    }
  },
  {
    "model": "utils.cargo",
    "pk": 206,
    "fields": {
      "nombre": "Gerente de cuentas clave",
      "descripcion": "206",
      "status": true,
      "created_date": "2022-01-06T20:05:12.439Z"
    }
  },
  {
    "model": "utils.cargo",
    "pk": 207,
    "fields": {
      "nombre": "Gerente de Operaciones",
      "descripcion": "207",
      "status": true,
      "created_date": "2022-01-06T20:05:12.442Z"
    }
  },
  {
    "model": "utils.cargo",
    "pk": 208,
    "fields": {
      "nombre": "Gerente de Procurement",
      "descripcion": "208",
      "status": true,
      "created_date": "2022-01-06T20:05:12.445Z"
    }
  },
  {
    "model": "utils.cargo",
    "pk": 209,
    "fields": {
      "nombre": "Gerente de Producción",
      "descripcion": "209",
      "status": true,
      "created_date": "2022-01-06T20:05:12.448Z"
    }
  },
  {
    "model": "utils.cargo",
    "pk": 210,
    "fields": {
      "nombre": "Gerente de Producto",
      "descripcion": "210",
      "status": true,
      "created_date": "2022-01-06T20:05:12.451Z"
    }
  },
  {
    "model": "utils.cargo",
    "pk": 211,
    "fields": {
      "nombre": "Gerente de Proyecto",
      "descripcion": "211",
      "status": true,
      "created_date": "2022-01-06T20:05:12.453Z"
    }
  },
  {
    "model": "utils.cargo",
    "pk": 212,
    "fields": {
      "nombre": "Gerente de Servicios",
      "descripcion": "212",
      "status": true,
      "created_date": "2022-01-06T20:05:12.456Z"
    }
  },
  {
    "model": "utils.cargo",
    "pk": 213,
    "fields": {
      "nombre": "Gerente de Servicios en Terreno",
      "descripcion": "213",
      "status": true,
      "created_date": "2022-01-06T20:05:12.458Z"
    }
  },
  {
    "model": "utils.cargo",
    "pk": 214,
    "fields": {
      "nombre": "Gerente de ventas",
      "descripcion": "214",
      "status": true,
      "created_date": "2022-01-06T20:05:12.462Z"
    }
  },
  {
    "model": "utils.cargo",
    "pk": 215,
    "fields": {
      "nombre": "Gerente- Director de Unidad de Negocio",
      "descripcion": "215",
      "status": true,
      "created_date": "2022-01-06T20:05:12.465Z"
    }
  },
  {
    "model": "utils.cargo",
    "pk": 216,
    "fields": {
      "nombre": "Gerente General",
      "descripcion": "216",
      "status": true,
      "created_date": "2022-01-06T20:05:12.468Z"
    }
  },
  {
    "model": "utils.cargo",
    "pk": 217,
    "fields": {
      "nombre": "Gerente HSE",
      "descripcion": "217",
      "status": true,
      "created_date": "2022-01-06T20:05:12.470Z"
    }
  },
  {
    "model": "utils.cargo",
    "pk": 218,
    "fields": {
      "nombre": "Gerente Regional OPP",
      "descripcion": "218",
      "status": true,
      "created_date": "2022-01-06T20:05:12.473Z"
    }
  },
  {
    "model": "utils.cargo",
    "pk": 219,
    "fields": {
      "nombre": "Gerente RRHH",
      "descripcion": "219",
      "status": true,
      "created_date": "2022-01-06T20:05:12.475Z"
    }
  },
  {
    "model": "utils.cargo",
    "pk": 220,
    "fields": {
      "nombre": "Gerente TI",
      "descripcion": "220",
      "status": true,
      "created_date": "2022-01-06T20:05:12.478Z"
    }
  },
  {
    "model": "utils.cargo",
    "pk": 221,
    "fields": {
      "nombre": "Granallador",
      "descripcion": "221",
      "status": true,
      "created_date": "2022-01-06T20:05:12.481Z"
    }
  },
  {
    "model": "utils.cargo",
    "pk": 222,
    "fields": {
      "nombre": "Guardaforestal",
      "descripcion": "222",
      "status": true,
      "created_date": "2022-01-06T20:05:12.484Z"
    }
  },
  {
    "model": "utils.cargo",
    "pk": 223,
    "fields": {
      "nombre": "Habilitador",
      "descripcion": "223",
      "status": true,
      "created_date": "2022-01-06T20:05:12.487Z"
    }
  },
  {
    "model": "utils.cargo",
    "pk": 224,
    "fields": {
      "nombre": "HR Business Partner",
      "descripcion": "224",
      "status": true,
      "created_date": "2022-01-06T20:05:12.489Z"
    }
  },
  {
    "model": "utils.cargo",
    "pk": 225,
    "fields": {
      "nombre": "Informático",
      "descripcion": "225",
      "status": true,
      "created_date": "2022-01-06T20:05:12.492Z"
    }
  },
  {
    "model": "utils.cargo",
    "pk": 226,
    "fields": {
      "nombre": "Ingeniero - Representante de Ventas",
      "descripcion": "226",
      "status": true,
      "created_date": "2022-01-06T20:05:12.495Z"
    }
  },
  {
    "model": "utils.cargo",
    "pk": 227,
    "fields": {
      "nombre": "Ingeniero Administrativo SSO",
      "descripcion": "227",
      "status": true,
      "created_date": "2022-01-06T20:05:12.498Z"
    }
  },
  {
    "model": "utils.cargo",
    "pk": 228,
    "fields": {
      "nombre": "Ingeniero Civil Químico",
      "descripcion": "228",
      "status": true,
      "created_date": "2022-01-06T20:05:12.501Z"
    }
  },
  {
    "model": "utils.cargo",
    "pk": 229,
    "fields": {
      "nombre": "Ingeniero Comisionamiento",
      "descripcion": "229",
      "status": true,
      "created_date": "2022-01-06T20:05:12.503Z"
    }
  },
  {
    "model": "utils.cargo",
    "pk": 230,
    "fields": {
      "nombre": "Ingeniero Construcción ITO Civil",
      "descripcion": "230",
      "status": true,
      "created_date": "2022-01-06T20:05:12.507Z"
    }
  },
  {
    "model": "utils.cargo",
    "pk": 231,
    "fields": {
      "nombre": "Ingeniero Control Calidad",
      "descripcion": "231",
      "status": true,
      "created_date": "2022-01-06T20:05:12.509Z"
    }
  },
  {
    "model": "utils.cargo",
    "pk": 232,
    "fields": {
      "nombre": "Ingeniero DCS",
      "descripcion": "232",
      "status": true,
      "created_date": "2022-01-06T20:05:12.512Z"
    }
  },
  {
    "model": "utils.cargo",
    "pk": 233,
    "fields": {
      "nombre": "Ingeniero de Apoyo",
      "descripcion": "233",
      "status": true,
      "created_date": "2022-01-06T20:05:12.515Z"
    }
  },
  {
    "model": "utils.cargo",
    "pk": 234,
    "fields": {
      "nombre": "Ingeniero de Calidad",
      "descripcion": "234",
      "status": true,
      "created_date": "2022-01-06T20:05:12.518Z"
    }
  },
  {
    "model": "utils.cargo",
    "pk": 235,
    "fields": {
      "nombre": "Ingeniero de Confiabilidad",
      "descripcion": "235",
      "status": true,
      "created_date": "2022-01-06T20:05:12.520Z"
    }
  },
  {
    "model": "utils.cargo",
    "pk": 236,
    "fields": {
      "nombre": "Ingeniero de Gestión",
      "descripcion": "236",
      "status": true,
      "created_date": "2022-01-06T20:05:12.523Z"
    }
  },
  {
    "model": "utils.cargo",
    "pk": 237,
    "fields": {
      "nombre": "Ingeniero de Laboratorio",
      "descripcion": "237",
      "status": true,
      "created_date": "2022-01-06T20:05:12.526Z"
    }
  },
  {
    "model": "utils.cargo",
    "pk": 238,
    "fields": {
      "nombre": "Ingeniero de Mantención Predictiva",
      "descripcion": "238",
      "status": true,
      "created_date": "2022-01-06T20:05:12.529Z"
    }
  },
  {
    "model": "utils.cargo",
    "pk": 239,
    "fields": {
      "nombre": "Ingeniero de Procesos",
      "descripcion": "239",
      "status": true,
      "created_date": "2022-01-06T20:05:12.532Z"
    }
  },
  {
    "model": "utils.cargo",
    "pk": 240,
    "fields": {
      "nombre": "Ingeniero de Producción",
      "descripcion": "240",
      "status": true,
      "created_date": "2022-01-06T20:05:12.535Z"
    }
  },
  {
    "model": "utils.cargo",
    "pk": 241,
    "fields": {
      "nombre": "Ingeniero de Proyecto",
      "descripcion": "241",
      "status": true,
      "created_date": "2022-01-06T20:05:12.537Z"
    }
  },
  {
    "model": "utils.cargo",
    "pk": 242,
    "fields": {
      "nombre": "Ingeniero de Proyectos",
      "descripcion": "242",
      "status": true,
      "created_date": "2022-01-06T20:05:12.540Z"
    }
  },
  {
    "model": "utils.cargo",
    "pk": 243,
    "fields": {
      "nombre": "Ingeniero de Servicio",
      "descripcion": "243",
      "status": true,
      "created_date": "2022-01-06T20:05:12.543Z"
    }
  },
  {
    "model": "utils.cargo",
    "pk": 244,
    "fields": {
      "nombre": "Ingeniero de servicios en Terreno",
      "descripcion": "244",
      "status": true,
      "created_date": "2022-01-06T20:05:12.545Z"
    }
  },
  {
    "model": "utils.cargo",
    "pk": 245,
    "fields": {
      "nombre": "Ingeniero de Visibilidad Operacional",
      "descripcion": "245",
      "status": true,
      "created_date": "2022-01-06T20:05:12.549Z"
    }
  },
  {
    "model": "utils.cargo",
    "pk": 246,
    "fields": {
      "nombre": "Ingeniero Ejecución Químico ",
      "descripcion": "246",
      "status": true,
      "created_date": "2022-01-06T20:05:12.551Z"
    }
  },
  {
    "model": "utils.cargo",
    "pk": 247,
    "fields": {
      "nombre": "Ingeniero Electrocontrol",
      "descripcion": "247",
      "status": true,
      "created_date": "2022-01-06T20:05:12.554Z"
    }
  },
  {
    "model": "utils.cargo",
    "pk": 248,
    "fields": {
      "nombre": "Ingeniero en Biotecnología",
      "descripcion": "248",
      "status": true,
      "created_date": "2022-01-06T20:05:12.557Z"
    }
  },
  {
    "model": "utils.cargo",
    "pk": 249,
    "fields": {
      "nombre": "Ingeniero en Estudio",
      "descripcion": "249",
      "status": true,
      "created_date": "2022-01-06T20:05:12.559Z"
    }
  },
  {
    "model": "utils.cargo",
    "pk": 250,
    "fields": {
      "nombre": "Ingeniero Informático",
      "descripcion": "250",
      "status": true,
      "created_date": "2022-01-06T20:05:12.562Z"
    }
  },
  {
    "model": "utils.cargo",
    "pk": 251,
    "fields": {
      "nombre": "Ingeniero Jefe",
      "descripcion": "251",
      "status": true,
      "created_date": "2022-01-06T20:05:12.565Z"
    }
  },
  {
    "model": "utils.cargo",
    "pk": 252,
    "fields": {
      "nombre": "Ingeniero Mecánico y Control",
      "descripcion": "252",
      "status": true,
      "created_date": "2022-01-06T20:05:12.569Z"
    }
  },
  {
    "model": "utils.cargo",
    "pk": 253,
    "fields": {
      "nombre": "Ingeniero Mecánico",
      "descripcion": "253",
      "status": true,
      "created_date": "2022-01-06T20:05:12.571Z"
    }
  },
  {
    "model": "utils.cargo",
    "pk": 254,
    "fields": {
      "nombre": "Ingeniero Medioambiental",
      "descripcion": "254",
      "status": true,
      "created_date": "2022-01-06T20:05:12.574Z"
    }
  },
  {
    "model": "utils.cargo",
    "pk": 255,
    "fields": {
      "nombre": "Ingeniero Planificación y Control",
      "descripcion": "255",
      "status": true,
      "created_date": "2022-01-06T20:05:12.577Z"
    }
  },
  {
    "model": "utils.cargo",
    "pk": 256,
    "fields": {
      "nombre": "Ingeniero Planificador PMP",
      "descripcion": "256",
      "status": true,
      "created_date": "2022-01-06T20:05:12.579Z"
    }
  },
  {
    "model": "utils.cargo",
    "pk": 257,
    "fields": {
      "nombre": "Ingeniero Proceso",
      "descripcion": "257",
      "status": true,
      "created_date": "2022-01-06T20:05:12.583Z"
    }
  },
  {
    "model": "utils.cargo",
    "pk": 258,
    "fields": {
      "nombre": "Ingeniero Proyectista",
      "descripcion": "258",
      "status": true,
      "created_date": "2022-01-06T20:05:12.585Z"
    }
  },
  {
    "model": "utils.cargo",
    "pk": 259,
    "fields": {
      "nombre": "Ingeniero Quimico",
      "descripcion": "259",
      "status": true,
      "created_date": "2022-01-06T20:05:12.588Z"
    }
  },
  {
    "model": "utils.cargo",
    "pk": 260,
    "fields": {
      "nombre": "Ingeniero RRHH",
      "descripcion": "260",
      "status": true,
      "created_date": "2022-01-06T20:05:12.591Z"
    }
  },
  {
    "model": "utils.cargo",
    "pk": 261,
    "fields": {
      "nombre": "Ingeniero Sistema de Gestión",
      "descripcion": "261",
      "status": true,
      "created_date": "2022-01-06T20:05:12.593Z"
    }
  },
  {
    "model": "utils.cargo",
    "pk": 262,
    "fields": {
      "nombre": "Ingeniero SSO",
      "descripcion": "262",
      "status": true,
      "created_date": "2022-01-06T20:05:12.596Z"
    }
  },
  {
    "model": "utils.cargo",
    "pk": 263,
    "fields": {
      "nombre": "Ingeniero Trainee",
      "descripcion": "263",
      "status": true,
      "created_date": "2022-01-06T20:05:12.599Z"
    }
  },
  {
    "model": "utils.cargo",
    "pk": 264,
    "fields": {
      "nombre": "Inspector Calidad",
      "descripcion": "264",
      "status": true,
      "created_date": "2022-01-06T20:05:12.602Z"
    }
  },
  {
    "model": "utils.cargo",
    "pk": 265,
    "fields": {
      "nombre": "Inspector de Apoyo",
      "descripcion": "265",
      "status": true,
      "created_date": "2022-01-06T20:05:12.604Z"
    }
  },
  {
    "model": "utils.cargo",
    "pk": 266,
    "fields": {
      "nombre": "Inspector Sintomático",
      "descripcion": "266",
      "status": true,
      "created_date": "2022-01-06T20:05:12.607Z"
    }
  },
  {
    "model": "utils.cargo",
    "pk": 267,
    "fields": {
      "nombre": "Inspector Técnico de Obras (ITO)",
      "descripcion": "267",
      "status": true,
      "created_date": "2022-01-06T20:05:12.610Z"
    }
  },
  {
    "model": "utils.cargo",
    "pk": 268,
    "fields": {
      "nombre": "Instrumentista M1",
      "descripcion": "268",
      "status": true,
      "created_date": "2022-01-06T20:05:12.612Z"
    }
  },
  {
    "model": "utils.cargo",
    "pk": 269,
    "fields": {
      "nombre": "Instrumentista M2",
      "descripcion": "269",
      "status": true,
      "created_date": "2022-01-06T20:05:12.616Z"
    }
  },
  {
    "model": "utils.cargo",
    "pk": 270,
    "fields": {
      "nombre": "Intérprete",
      "descripcion": "270",
      "status": true,
      "created_date": "2022-01-06T20:05:12.619Z"
    }
  },
  {
    "model": "utils.cargo",
    "pk": 271,
    "fields": {
      "nombre": "ITO Civil Estructural",
      "descripcion": "271",
      "status": true,
      "created_date": "2022-01-06T20:05:12.622Z"
    }
  },
  {
    "model": "utils.cargo",
    "pk": 272,
    "fields": {
      "nombre": "ITO Electrocontrol",
      "descripcion": "272",
      "status": true,
      "created_date": "2022-01-06T20:05:12.625Z"
    }
  },
  {
    "model": "utils.cargo",
    "pk": 273,
    "fields": {
      "nombre": "ITO Mecánico",
      "descripcion": "273",
      "status": true,
      "created_date": "2022-01-06T20:05:12.627Z"
    }
  },
  {
    "model": "utils.cargo",
    "pk": 274,
    "fields": {
      "nombre": "Jefe de Logística",
      "descripcion": "274",
      "status": true,
      "created_date": "2022-01-06T20:05:12.629Z"
    }
  },
  {
    "model": "utils.cargo",
    "pk": 275,
    "fields": {
      "nombre": "Jefe de Obra",
      "descripcion": "275",
      "status": true,
      "created_date": "2022-01-06T20:05:12.633Z"
    }
  },
  {
    "model": "utils.cargo",
    "pk": 276,
    "fields": {
      "nombre": "Jefe de proyecto",
      "descripcion": "276",
      "status": true,
      "created_date": "2022-01-06T20:05:12.635Z"
    }
  },
  {
    "model": "utils.cargo",
    "pk": 277,
    "fields": {
      "nombre": "Jefe de Secado",
      "descripcion": "277",
      "status": true,
      "created_date": "2022-01-06T20:05:12.638Z"
    }
  },
  {
    "model": "utils.cargo",
    "pk": 278,
    "fields": {
      "nombre": "Jefe de Taller",
      "descripcion": "278",
      "status": true,
      "created_date": "2022-01-06T20:05:12.640Z"
    }
  },
  {
    "model": "utils.cargo",
    "pk": 279,
    "fields": {
      "nombre": "Jefe de Turno",
      "descripcion": "279",
      "status": true,
      "created_date": "2022-01-06T20:05:12.642Z"
    }
  },
  {
    "model": "utils.cargo",
    "pk": 280,
    "fields": {
      "nombre": "Jefe Turno Producción",
      "descripcion": "280",
      "status": true,
      "created_date": "2022-01-06T20:05:12.644Z"
    }
  },
  {
    "model": "utils.cargo",
    "pk": 281,
    "fields": {
      "nombre": "Jornal",
      "descripcion": "281",
      "status": true,
      "created_date": "2022-01-06T20:05:12.646Z"
    }
  },
  {
    "model": "utils.cargo",
    "pk": 282,
    "fields": {
      "nombre": "Kinesiólogo",
      "descripcion": "282",
      "status": true,
      "created_date": "2022-01-06T20:05:12.649Z"
    }
  },
  {
    "model": "utils.cargo",
    "pk": 283,
    "fields": {
      "nombre": "Líder Ámbito Prevención",
      "descripcion": "283",
      "status": true,
      "created_date": "2022-01-06T20:05:12.651Z"
    }
  },
  {
    "model": "utils.cargo",
    "pk": 284,
    "fields": {
      "nombre": "Líder Contrataciones",
      "descripcion": "284",
      "status": true,
      "created_date": "2022-01-06T20:05:12.654Z"
    }
  },
  {
    "model": "utils.cargo",
    "pk": 285,
    "fields": {
      "nombre": "Líder de Adquisiciones",
      "descripcion": "285",
      "status": true,
      "created_date": "2022-01-06T20:05:12.656Z"
    }
  },
  {
    "model": "utils.cargo",
    "pk": 286,
    "fields": {
      "nombre": "Líder de Calidad",
      "descripcion": "286",
      "status": true,
      "created_date": "2022-01-06T20:05:12.658Z"
    }
  },
  {
    "model": "utils.cargo",
    "pk": 287,
    "fields": {
      "nombre": "Líder de Especialidad Eléctrico",
      "descripcion": "287",
      "status": true,
      "created_date": "2022-01-06T20:05:12.660Z"
    }
  },
  {
    "model": "utils.cargo",
    "pk": 288,
    "fields": {
      "nombre": "Líder de Remuneraciones",
      "descripcion": "288",
      "status": true,
      "created_date": "2022-01-06T20:05:12.663Z"
    }
  },
  {
    "model": "utils.cargo",
    "pk": 289,
    "fields": {
      "nombre": "Líder Instrumentista",
      "descripcion": "289",
      "status": true,
      "created_date": "2022-01-06T20:05:12.666Z"
    }
  },
  {
    "model": "utils.cargo",
    "pk": 290,
    "fields": {
      "nombre": "Líder Mecánico",
      "descripcion": "290",
      "status": true,
      "created_date": "2022-01-06T20:05:12.668Z"
    }
  },
  {
    "model": "utils.cargo",
    "pk": 291,
    "fields": {
      "nombre": "Líder Soldador",
      "descripcion": "291",
      "status": true,
      "created_date": "2022-01-06T20:05:12.671Z"
    }
  },
  {
    "model": "utils.cargo",
    "pk": 292,
    "fields": {
      "nombre": "Lider Electrocontrol",
      "descripcion": "292",
      "status": true,
      "created_date": "2022-01-06T20:05:12.673Z"
    }
  },
  {
    "model": "utils.cargo",
    "pk": 293,
    "fields": {
      "nombre": "Lider Masso",
      "descripcion": "293",
      "status": true,
      "created_date": "2022-01-06T20:05:12.675Z"
    }
  },
  {
    "model": "utils.cargo",
    "pk": 294,
    "fields": {
      "nombre": "Lubricador",
      "descripcion": "294",
      "status": true,
      "created_date": "2022-01-06T20:05:12.677Z"
    }
  },
  {
    "model": "utils.cargo",
    "pk": 295,
    "fields": {
      "nombre": "Maestro Mayor Piping",
      "descripcion": "295",
      "status": true,
      "created_date": "2022-01-06T20:05:12.679Z"
    }
  },
  {
    "model": "utils.cargo",
    "pk": 296,
    "fields": {
      "nombre": "Maestro Primera",
      "descripcion": "296",
      "status": true,
      "created_date": "2022-01-06T20:05:12.682Z"
    }
  },
  {
    "model": "utils.cargo",
    "pk": 297,
    "fields": {
      "nombre": "Maestro Segunda",
      "descripcion": "297",
      "status": true,
      "created_date": "2022-01-06T20:05:12.685Z"
    }
  },
  {
    "model": "utils.cargo",
    "pk": 298,
    "fields": {
      "nombre": "Maestro Taller Afilado",
      "descripcion": "298",
      "status": true,
      "created_date": "2022-01-06T20:05:12.687Z"
    }
  },
  {
    "model": "utils.cargo",
    "pk": 299,
    "fields": {
      "nombre": "Maestros de obra",
      "descripcion": "299",
      "status": true,
      "created_date": "2022-01-06T20:05:12.689Z"
    }
  },
  {
    "model": "utils.cargo",
    "pk": 300,
    "fields": {
      "nombre": "Mantenedor Eléctrico",
      "descripcion": "300",
      "status": true,
      "created_date": "2022-01-06T20:05:12.691Z"
    }
  },
  {
    "model": "utils.cargo",
    "pk": 301,
    "fields": {
      "nombre": "Mantenedor General",
      "descripcion": "301",
      "status": true,
      "created_date": "2022-01-06T20:05:12.693Z"
    }
  },
  {
    "model": "utils.cargo",
    "pk": 302,
    "fields": {
      "nombre": "Mantenedor Mecánico",
      "descripcion": "302",
      "status": true,
      "created_date": "2022-01-06T20:05:12.696Z"
    }
  },
  {
    "model": "utils.cargo",
    "pk": 303,
    "fields": {
      "nombre": "Mecánico",
      "descripcion": "303",
      "status": true,
      "created_date": "2022-01-06T20:05:12.698Z"
    }
  },
  {
    "model": "utils.cargo",
    "pk": 304,
    "fields": {
      "nombre": "Mecánico Calderero",
      "descripcion": "304",
      "status": true,
      "created_date": "2022-01-06T20:05:12.701Z"
    }
  },
  {
    "model": "utils.cargo",
    "pk": 305,
    "fields": {
      "nombre": "Mecánico de Banco",
      "descripcion": "305",
      "status": true,
      "created_date": "2022-01-06T20:05:12.703Z"
    }
  },
  {
    "model": "utils.cargo",
    "pk": 306,
    "fields": {
      "nombre": "Mecánico De Combustión",
      "descripcion": "306",
      "status": true,
      "created_date": "2022-01-06T20:05:12.706Z"
    }
  },
  {
    "model": "utils.cargo",
    "pk": 307,
    "fields": {
      "nombre": "Mecánico de Mantenimiento",
      "descripcion": "307",
      "status": true,
      "created_date": "2022-01-06T20:05:12.708Z"
    }
  },
  {
    "model": "utils.cargo",
    "pk": 308,
    "fields": {
      "nombre": "Mecánico de Primera",
      "descripcion": "308",
      "status": true,
      "created_date": "2022-01-06T20:05:12.710Z"
    }
  },
  {
    "model": "utils.cargo",
    "pk": 309,
    "fields": {
      "nombre": "Mecánico de Taller",
      "descripcion": "309",
      "status": true,
      "created_date": "2022-01-06T20:05:12.712Z"
    }
  },
  {
    "model": "utils.cargo",
    "pk": 310,
    "fields": {
      "nombre": "Mecánico de Turbinas",
      "descripcion": "310",
      "status": true,
      "created_date": "2022-01-06T20:05:12.715Z"
    }
  },
  {
    "model": "utils.cargo",
    "pk": 311,
    "fields": {
      "nombre": "Mecánico de Válvulas",
      "descripcion": "311",
      "status": true,
      "created_date": "2022-01-06T20:05:12.718Z"
    }
  },
  {
    "model": "utils.cargo",
    "pk": 312,
    "fields": {
      "nombre": "Mecánico Hidraulico",
      "descripcion": "312",
      "status": true,
      "created_date": "2022-01-06T20:05:12.720Z"
    }
  },
  {
    "model": "utils.cargo",
    "pk": 313,
    "fields": {
      "nombre": "Mecánico Líder",
      "descripcion": "313",
      "status": true,
      "created_date": "2022-01-06T20:05:12.722Z"
    }
  },
  {
    "model": "utils.cargo",
    "pk": 314,
    "fields": {
      "nombre": "Mecánico Lubricador",
      "descripcion": "314",
      "status": true,
      "created_date": "2022-01-06T20:05:12.725Z"
    }
  },
  {
    "model": "utils.cargo",
    "pk": 315,
    "fields": {
      "nombre": "Mecánico M1",
      "descripcion": "315",
      "status": true,
      "created_date": "2022-01-06T20:05:12.727Z"
    }
  },
  {
    "model": "utils.cargo",
    "pk": 316,
    "fields": {
      "nombre": "Mecánico M2",
      "descripcion": "316",
      "status": true,
      "created_date": "2022-01-06T20:05:12.730Z"
    }
  },
  {
    "model": "utils.cargo",
    "pk": 317,
    "fields": {
      "nombre": "Mecánico Máquinas Herramientas",
      "descripcion": "317",
      "status": true,
      "created_date": "2022-01-06T20:05:12.733Z"
    }
  },
  {
    "model": "utils.cargo",
    "pk": 318,
    "fields": {
      "nombre": "Mecánico Naval ",
      "descripcion": "318",
      "status": true,
      "created_date": "2022-01-06T20:05:12.735Z"
    }
  },
  {
    "model": "utils.cargo",
    "pk": 319,
    "fields": {
      "nombre": "Mecánico Turbinero",
      "descripcion": "319",
      "status": true,
      "created_date": "2022-01-06T20:05:12.737Z"
    }
  },
  {
    "model": "utils.cargo",
    "pk": 320,
    "fields": {
      "nombre": "Metalizador",
      "descripcion": "320",
      "status": true,
      "created_date": "2022-01-06T20:05:12.739Z"
    }
  },
  {
    "model": "utils.cargo",
    "pk": 321,
    "fields": {
      "nombre": "Monitor Programa Cognitivo",
      "descripcion": "321",
      "status": true,
      "created_date": "2022-01-06T20:05:12.741Z"
    }
  },
  {
    "model": "utils.cargo",
    "pk": 322,
    "fields": {
      "nombre": "Movilizador",
      "descripcion": "322",
      "status": true,
      "created_date": "2022-01-06T20:05:12.744Z"
    }
  },
  {
    "model": "utils.cargo",
    "pk": 323,
    "fields": {
      "nombre": "Notificador",
      "descripcion": "323",
      "status": true,
      "created_date": "2022-01-06T20:05:12.746Z"
    }
  },
  {
    "model": "utils.cargo",
    "pk": 324,
    "fields": {
      "nombre": "Nutricionista",
      "descripcion": "324",
      "status": true,
      "created_date": "2022-01-06T20:05:12.748Z"
    }
  },
  {
    "model": "utils.cargo",
    "pk": 325,
    "fields": {
      "nombre": "Office Manager",
      "descripcion": "325",
      "status": true,
      "created_date": "2022-01-06T20:05:12.750Z"
    }
  },
  {
    "model": "utils.cargo",
    "pk": 326,
    "fields": {
      "nombre": "Operador",
      "descripcion": "326",
      "status": true,
      "created_date": "2022-01-06T20:05:12.753Z"
    }
  },
  {
    "model": "utils.cargo",
    "pk": 327,
    "fields": {
      "nombre": "Operador Abastecimiento",
      "descripcion": "327",
      "status": true,
      "created_date": "2022-01-06T20:05:12.755Z"
    }
  },
  {
    "model": "utils.cargo",
    "pk": 328,
    "fields": {
      "nombre": "Operador Central de Transportes",
      "descripcion": "328",
      "status": true,
      "created_date": "2022-01-06T20:05:12.757Z"
    }
  },
  {
    "model": "utils.cargo",
    "pk": 329,
    "fields": {
      "nombre": "Operador de Caldera",
      "descripcion": "329",
      "status": true,
      "created_date": "2022-01-06T20:05:12.759Z"
    }
  },
  {
    "model": "utils.cargo",
    "pk": 330,
    "fields": {
      "nombre": "Operador de Camino",
      "descripcion": "330",
      "status": true,
      "created_date": "2022-01-06T20:05:12.762Z"
    }
  },
  {
    "model": "utils.cargo",
    "pk": 331,
    "fields": {
      "nombre": "Operador de Despacho y Recepcion de Guias",
      "descripcion": "331",
      "status": true,
      "created_date": "2022-01-06T20:05:12.765Z"
    }
  },
  {
    "model": "utils.cargo",
    "pk": 332,
    "fields": {
      "nombre": "Operador de grúa",
      "descripcion": "332",
      "status": true,
      "created_date": "2022-01-06T20:05:12.767Z"
    }
  },
  {
    "model": "utils.cargo",
    "pk": 333,
    "fields": {
      "nombre": "Operador de grúa horquilla",
      "descripcion": "333",
      "status": true,
      "created_date": "2022-01-06T20:05:12.769Z"
    }
  },
  {
    "model": "utils.cargo",
    "pk": 334,
    "fields": {
      "nombre": "Operador de Grúa Pluma",
      "descripcion": "334",
      "status": true,
      "created_date": "2022-01-06T20:05:12.772Z"
    }
  },
  {
    "model": "utils.cargo",
    "pk": 335,
    "fields": {
      "nombre": "Operador de Maquinaria",
      "descripcion": "335",
      "status": true,
      "created_date": "2022-01-06T20:05:12.774Z"
    }
  },
  {
    "model": "utils.cargo",
    "pk": 336,
    "fields": {
      "nombre": "Operador de Maquinarias y Herramientas",
      "descripcion": "336",
      "status": true,
      "created_date": "2022-01-06T20:05:12.776Z"
    }
  },
  {
    "model": "utils.cargo",
    "pk": 337,
    "fields": {
      "nombre": "Operador de Materias Primas",
      "descripcion": "337",
      "status": true,
      "created_date": "2022-01-06T20:05:12.778Z"
    }
  },
  {
    "model": "utils.cargo",
    "pk": 338,
    "fields": {
      "nombre": "Operador de Producción Log",
      "descripcion": "338",
      "status": true,
      "created_date": "2022-01-06T20:05:12.781Z"
    }
  },
  {
    "model": "utils.cargo",
    "pk": 339,
    "fields": {
      "nombre": "Operador de Punta Grúa",
      "descripcion": "339",
      "status": true,
      "created_date": "2022-01-06T20:05:12.784Z"
    }
  },
  {
    "model": "utils.cargo",
    "pk": 340,
    "fields": {
      "nombre": "Operador descarga de Producto Químico",
      "descripcion": "340",
      "status": true,
      "created_date": "2022-01-06T20:05:12.787Z"
    }
  },
  {
    "model": "utils.cargo",
    "pk": 341,
    "fields": {
      "nombre": "Operador Descortezado",
      "descripcion": "341",
      "status": true,
      "created_date": "2022-01-06T20:05:12.789Z"
    }
  },
  {
    "model": "utils.cargo",
    "pk": 342,
    "fields": {
      "nombre": "Operador equipos moviles",
      "descripcion": "342",
      "status": true,
      "created_date": "2022-01-06T20:05:12.791Z"
    }
  },
  {
    "model": "utils.cargo",
    "pk": 343,
    "fields": {
      "nombre": "Operador Extrusado",
      "descripcion": "343",
      "status": true,
      "created_date": "2022-01-06T20:05:12.793Z"
    }
  },
  {
    "model": "utils.cargo",
    "pk": 344,
    "fields": {
      "nombre": "Operador Grúa Horquilla",
      "descripcion": "344",
      "status": true,
      "created_date": "2022-01-06T20:05:12.796Z"
    }
  },
  {
    "model": "utils.cargo",
    "pk": 345,
    "fields": {
      "nombre": "Operador Licor",
      "descripcion": "345",
      "status": true,
      "created_date": "2022-01-06T20:05:12.799Z"
    }
  },
  {
    "model": "utils.cargo",
    "pk": 346,
    "fields": {
      "nombre": "Operador MM.PP.",
      "descripcion": "346",
      "status": true,
      "created_date": "2022-01-06T20:05:12.801Z"
    }
  },
  {
    "model": "utils.cargo",
    "pk": 347,
    "fields": {
      "nombre": "Operador Montacarga",
      "descripcion": "347",
      "status": true,
      "created_date": "2022-01-06T20:05:12.804Z"
    }
  },
  {
    "model": "utils.cargo",
    "pk": 348,
    "fields": {
      "nombre": "Operador Recuperadora",
      "descripcion": "348",
      "status": true,
      "created_date": "2022-01-06T20:05:12.806Z"
    }
  },
  {
    "model": "utils.cargo",
    "pk": 349,
    "fields": {
      "nombre": "Operador Riego Forestal",
      "descripcion": "349",
      "status": true,
      "created_date": "2022-01-06T20:05:12.808Z"
    }
  },
  {
    "model": "utils.cargo",
    "pk": 350,
    "fields": {
      "nombre": "Operador Rigger",
      "descripcion": "350",
      "status": true,
      "created_date": "2022-01-06T20:05:12.810Z"
    }
  },
  {
    "model": "utils.cargo",
    "pk": 351,
    "fields": {
      "nombre": "Operador Romana",
      "descripcion": "351",
      "status": true,
      "created_date": "2022-01-06T20:05:12.813Z"
    }
  },
  {
    "model": "utils.cargo",
    "pk": 352,
    "fields": {
      "nombre": "Operador Soldador y Corte",
      "descripcion": "352",
      "status": true,
      "created_date": "2022-01-06T20:05:12.815Z"
    }
  },
  {
    "model": "utils.cargo",
    "pk": 353,
    "fields": {
      "nombre": "Operador Taller Afilado",
      "descripcion": "353",
      "status": true,
      "created_date": "2022-01-06T20:05:12.817Z"
    }
  },
  {
    "model": "utils.cargo",
    "pk": 354,
    "fields": {
      "nombre": "Operador Taquera",
      "descripcion": "354",
      "status": true,
      "created_date": "2022-01-06T20:05:12.820Z"
    }
  },
  {
    "model": "utils.cargo",
    "pk": 355,
    "fields": {
      "nombre": "Operador Terreno",
      "descripcion": "355",
      "status": true,
      "created_date": "2022-01-06T20:05:12.822Z"
    }
  },
  {
    "model": "utils.cargo",
    "pk": 356,
    "fields": {
      "nombre": "Operador terreno multiproposito ",
      "descripcion": "356",
      "status": true,
      "created_date": "2022-01-06T20:05:12.824Z"
    }
  },
  {
    "model": "utils.cargo",
    "pk": 357,
    "fields": {
      "nombre": "Operador Terreno Químico",
      "descripcion": "357",
      "status": true,
      "created_date": "2022-01-06T20:05:12.826Z"
    }
  },
  {
    "model": "utils.cargo",
    "pk": 358,
    "fields": {
      "nombre": "Operador Tractor ",
      "descripcion": "358",
      "status": true,
      "created_date": "2022-01-06T20:05:12.829Z"
    }
  },
  {
    "model": "utils.cargo",
    "pk": 359,
    "fields": {
      "nombre": "Operador Trozador",
      "descripcion": "359",
      "status": true,
      "created_date": "2022-01-06T20:05:12.832Z"
    }
  },
  {
    "model": "utils.cargo",
    "pk": 360,
    "fields": {
      "nombre": "Pañolero",
      "descripcion": "360",
      "status": true,
      "created_date": "2022-01-06T20:05:12.834Z"
    }
  },
  {
    "model": "utils.cargo",
    "pk": 361,
    "fields": {
      "nombre": "Paletero",
      "descripcion": "361",
      "status": true,
      "created_date": "2022-01-06T20:05:12.836Z"
    }
  },
  {
    "model": "utils.cargo",
    "pk": 362,
    "fields": {
      "nombre": "Periodista",
      "descripcion": "362",
      "status": true,
      "created_date": "2022-01-06T20:05:12.839Z"
    }
  },
  {
    "model": "utils.cargo",
    "pk": 363,
    "fields": {
      "nombre": "Personal de Apoyo",
      "descripcion": "363",
      "status": true,
      "created_date": "2022-01-06T20:05:12.841Z"
    }
  },
  {
    "model": "utils.cargo",
    "pk": 364,
    "fields": {
      "nombre": "Personal de obra de Mantenimiento",
      "descripcion": "364",
      "status": true,
      "created_date": "2022-01-06T20:05:12.843Z"
    }
  },
  {
    "model": "utils.cargo",
    "pk": 365,
    "fields": {
      "nombre": "Pintor",
      "descripcion": "365",
      "status": true,
      "created_date": "2022-01-06T20:05:12.845Z"
    }
  },
  {
    "model": "utils.cargo",
    "pk": 366,
    "fields": {
      "nombre": "Planificador",
      "descripcion": "366",
      "status": true,
      "created_date": "2022-01-06T20:05:12.849Z"
    }
  },
  {
    "model": "utils.cargo",
    "pk": 367,
    "fields": {
      "nombre": "Planificador Jefe",
      "descripcion": "367",
      "status": true,
      "created_date": "2022-01-06T20:05:12.851Z"
    }
  },
  {
    "model": "utils.cargo",
    "pk": 368,
    "fields": {
      "nombre": "Planificador Utilities",
      "descripcion": "368",
      "status": true,
      "created_date": "2022-01-06T20:05:12.853Z"
    }
  },
  {
    "model": "utils.cargo",
    "pk": 369,
    "fields": {
      "nombre": "Plantillero",
      "descripcion": "369",
      "status": true,
      "created_date": "2022-01-06T20:05:12.855Z"
    }
  },
  {
    "model": "utils.cargo",
    "pk": 370,
    "fields": {
      "nombre": "Prevencionista",
      "descripcion": "370",
      "status": true,
      "created_date": "2022-01-06T20:05:12.858Z"
    }
  },
  {
    "model": "utils.cargo",
    "pk": 371,
    "fields": {
      "nombre": "Prevencionista de Riesgos",
      "descripcion": "371",
      "status": true,
      "created_date": "2022-01-06T20:05:12.860Z"
    }
  },
  {
    "model": "utils.cargo",
    "pk": 372,
    "fields": {
      "nombre": "Prevencionista Ingeniero Medio Ambiente",
      "descripcion": "372",
      "status": true,
      "created_date": "2022-01-06T20:05:12.862Z"
    }
  },
  {
    "model": "utils.cargo",
    "pk": 373,
    "fields": {
      "nombre": "Primer Ayudante Cepillado",
      "descripcion": "373",
      "status": true,
      "created_date": "2022-01-06T20:05:12.865Z"
    }
  },
  {
    "model": "utils.cargo",
    "pk": 374,
    "fields": {
      "nombre": "Primer Ayudante Re Rip",
      "descripcion": "374",
      "status": true,
      "created_date": "2022-01-06T20:05:12.867Z"
    }
  },
  {
    "model": "utils.cargo",
    "pk": 375,
    "fields": {
      "nombre": "Probetero de Calidad",
      "descripcion": "375",
      "status": true,
      "created_date": "2022-01-06T20:05:12.869Z"
    }
  },
  {
    "model": "utils.cargo",
    "pk": 376,
    "fields": {
      "nombre": "Procesador",
      "descripcion": "376",
      "status": true,
      "created_date": "2022-01-06T20:05:12.871Z"
    }
  },
  {
    "model": "utils.cargo",
    "pk": 377,
    "fields": {
      "nombre": "Programa de hospedaje ",
      "descripcion": "377",
      "status": true,
      "created_date": "2022-01-06T20:05:12.874Z"
    }
  },
  {
    "model": "utils.cargo",
    "pk": 378,
    "fields": {
      "nombre": "Programador",
      "descripcion": "378",
      "status": true,
      "created_date": "2022-01-06T20:05:12.876Z"
    }
  },
  {
    "model": "utils.cargo",
    "pk": 379,
    "fields": {
      "nombre": "Proyectista",
      "descripcion": "379",
      "status": true,
      "created_date": "2022-01-06T20:05:12.878Z"
    }
  },
  {
    "model": "utils.cargo",
    "pk": 380,
    "fields": {
      "nombre": "Psicólogo(a)",
      "descripcion": "380",
      "status": true,
      "created_date": "2022-01-06T20:05:12.881Z"
    }
  },
  {
    "model": "utils.cargo",
    "pk": 381,
    "fields": {
      "nombre": "Recepcionista Administrativo",
      "descripcion": "381",
      "status": true,
      "created_date": "2022-01-06T20:05:12.884Z"
    }
  },
  {
    "model": "utils.cargo",
    "pk": 382,
    "fields": {
      "nombre": "Recepcionista -Despachador",
      "descripcion": "382",
      "status": true,
      "created_date": "2022-01-06T20:05:12.886Z"
    }
  },
  {
    "model": "utils.cargo",
    "pk": 383,
    "fields": {
      "nombre": "Recepcionista MM.PP",
      "descripcion": "383",
      "status": true,
      "created_date": "2022-01-06T20:05:12.888Z"
    }
  },
  {
    "model": "utils.cargo",
    "pk": 384,
    "fields": {
      "nombre": "Residente",
      "descripcion": "384",
      "status": true,
      "created_date": "2022-01-06T20:05:12.891Z"
    }
  },
  {
    "model": "utils.cargo",
    "pk": 385,
    "fields": {
      "nombre": "Responsable de Mantenimiento",
      "descripcion": "385",
      "status": true,
      "created_date": "2022-01-06T20:05:12.893Z"
    }
  },
  {
    "model": "utils.cargo",
    "pk": 386,
    "fields": {
      "nombre": "Romanero ",
      "descripcion": "386",
      "status": true,
      "created_date": "2022-01-06T20:05:12.895Z"
    }
  },
  {
    "model": "utils.cargo",
    "pk": 387,
    "fields": {
      "nombre": "Rotisero",
      "descripcion": "387",
      "status": true,
      "created_date": "2022-01-06T20:05:12.897Z"
    }
  },
  {
    "model": "utils.cargo",
    "pk": 388,
    "fields": {
      "nombre": "Secretaria",
      "descripcion": "388",
      "status": true,
      "created_date": "2022-01-06T20:05:12.899Z"
    }
  },
  {
    "model": "utils.cargo",
    "pk": 389,
    "fields": {
      "nombre": "Secretaria de Gerencia",
      "descripcion": "389",
      "status": true,
      "created_date": "2022-01-06T20:05:12.902Z"
    }
  },
  {
    "model": "utils.cargo",
    "pk": 390,
    "fields": {
      "nombre": "Servicios Centrales",
      "descripcion": "390",
      "status": true,
      "created_date": "2022-01-06T20:05:12.904Z"
    }
  },
  {
    "model": "utils.cargo",
    "pk": 391,
    "fields": {
      "nombre": "Soldador",
      "descripcion": "391",
      "status": true,
      "created_date": "2022-01-06T20:05:12.906Z"
    }
  },
  {
    "model": "utils.cargo",
    "pk": 392,
    "fields": {
      "nombre": "Soldador 4G",
      "descripcion": "392",
      "status": true,
      "created_date": "2022-01-06T20:05:12.909Z"
    }
  },
  {
    "model": "utils.cargo",
    "pk": 393,
    "fields": {
      "nombre": "Soldador 6G",
      "descripcion": "393",
      "status": true,
      "created_date": "2022-01-06T20:05:12.911Z"
    }
  },
  {
    "model": "utils.cargo",
    "pk": 394,
    "fields": {
      "nombre": "Soldador 7018",
      "descripcion": "394",
      "status": true,
      "created_date": "2022-01-06T20:05:12.913Z"
    }
  },
  {
    "model": "utils.cargo",
    "pk": 395,
    "fields": {
      "nombre": "Soldador Arco Manual",
      "descripcion": "395",
      "status": true,
      "created_date": "2022-01-06T20:05:12.917Z"
    }
  },
  {
    "model": "utils.cargo",
    "pk": 396,
    "fields": {
      "nombre": "Soldador Arco Manual y Oxiginista",
      "descripcion": "396",
      "status": true,
      "created_date": "2022-01-06T20:05:12.919Z"
    }
  },
  {
    "model": "utils.cargo",
    "pk": 397,
    "fields": {
      "nombre": "Soldador Argonista",
      "descripcion": "397",
      "status": true,
      "created_date": "2022-01-06T20:05:12.921Z"
    }
  },
  {
    "model": "utils.cargo",
    "pk": 398,
    "fields": {
      "nombre": "Soldador Calderero",
      "descripcion": "398",
      "status": true,
      "created_date": "2022-01-06T20:05:12.924Z"
    }
  },
  {
    "model": "utils.cargo",
    "pk": 399,
    "fields": {
      "nombre": "Soldador Mayor",
      "descripcion": "399",
      "status": true,
      "created_date": "2022-01-06T20:05:12.926Z"
    }
  },
  {
    "model": "utils.cargo",
    "pk": 400,
    "fields": {
      "nombre": "Soldador MIG",
      "descripcion": "400",
      "status": true,
      "created_date": "2022-01-06T20:05:12.928Z"
    }
  },
  {
    "model": "utils.cargo",
    "pk": 401,
    "fields": {
      "nombre": "Soldador Mixto",
      "descripcion": "401",
      "status": true,
      "created_date": "2022-01-06T20:05:12.930Z"
    }
  },
  {
    "model": "utils.cargo",
    "pk": 402,
    "fields": {
      "nombre": "Supervisor",
      "descripcion": "402",
      "status": true,
      "created_date": "2022-01-06T20:05:12.934Z"
    }
  },
  {
    "model": "utils.cargo",
    "pk": 403,
    "fields": {
      "nombre": "Supervisor Administrativo",
      "descripcion": "403",
      "status": true,
      "created_date": "2022-01-06T20:05:12.936Z"
    }
  },
  {
    "model": "utils.cargo",
    "pk": 404,
    "fields": {
      "nombre": "Supervisor Aire A.",
      "descripcion": "404",
      "status": true,
      "created_date": "2022-01-06T20:05:12.939Z"
    }
  },
  {
    "model": "utils.cargo",
    "pk": 405,
    "fields": {
      "nombre": "Supervisor Andamios",
      "descripcion": "405",
      "status": true,
      "created_date": "2022-01-06T20:05:12.941Z"
    }
  },
  {
    "model": "utils.cargo",
    "pk": 406,
    "fields": {
      "nombre": "Supervisor Calderería",
      "descripcion": "406",
      "status": true,
      "created_date": "2022-01-06T20:05:12.944Z"
    }
  },
  {
    "model": "utils.cargo",
    "pk": 407,
    "fields": {
      "nombre": "Supervisor Caustificación",
      "descripcion": "407",
      "status": true,
      "created_date": "2022-01-06T20:05:12.946Z"
    }
  },
  {
    "model": "utils.cargo",
    "pk": 408,
    "fields": {
      "nombre": "Supervisor Control Sintomático",
      "descripcion": "408",
      "status": true,
      "created_date": "2022-01-06T20:05:12.949Z"
    }
  },
  {
    "model": "utils.cargo",
    "pk": 409,
    "fields": {
      "nombre": "Supervisor DCS y Accionamientos",
      "descripcion": "409",
      "status": true,
      "created_date": "2022-01-06T20:05:12.953Z"
    }
  },
  {
    "model": "utils.cargo",
    "pk": 410,
    "fields": {
      "nombre": "Supervisor de Apoyo",
      "descripcion": "410",
      "status": true,
      "created_date": "2022-01-06T20:05:12.955Z"
    }
  },
  {
    "model": "utils.cargo",
    "pk": 411,
    "fields": {
      "nombre": "Supervisor de Bodegas",
      "descripcion": "411",
      "status": true,
      "created_date": "2022-01-06T20:05:12.957Z"
    }
  },
  {
    "model": "utils.cargo",
    "pk": 412,
    "fields": {
      "nombre": "Supervisor de Calderería y Alta Presión",
      "descripcion": "412",
      "status": true,
      "created_date": "2022-01-06T20:05:12.960Z"
    }
  },
  {
    "model": "utils.cargo",
    "pk": 413,
    "fields": {
      "nombre": "Supervisor de Exportaciones",
      "descripcion": "413",
      "status": true,
      "created_date": "2022-01-06T20:05:12.962Z"
    }
  },
  {
    "model": "utils.cargo",
    "pk": 414,
    "fields": {
      "nombre": "Supervisor de Mantenimiento",
      "descripcion": "414",
      "status": true,
      "created_date": "2022-01-06T20:05:12.965Z"
    }
  },
  {
    "model": "utils.cargo",
    "pk": 415,
    "fields": {
      "nombre": "Supervisor de Montaje",
      "descripcion": "415",
      "status": true,
      "created_date": "2022-01-06T20:05:12.967Z"
    }
  },
  {
    "model": "utils.cargo",
    "pk": 416,
    "fields": {
      "nombre": "Supervisor de Obras Civiles",
      "descripcion": "416",
      "status": true,
      "created_date": "2022-01-06T20:05:12.969Z"
    }
  },
  {
    "model": "utils.cargo",
    "pk": 417,
    "fields": {
      "nombre": "Supervisor de Operaciones",
      "descripcion": "417",
      "status": true,
      "created_date": "2022-01-06T20:05:12.971Z"
    }
  },
  {
    "model": "utils.cargo",
    "pk": 418,
    "fields": {
      "nombre": "Supervisor de Procurement",
      "descripcion": "418",
      "status": true,
      "created_date": "2022-01-06T20:05:12.974Z"
    }
  },
  {
    "model": "utils.cargo",
    "pk": 419,
    "fields": {
      "nombre": "Supervisor de Producción",
      "descripcion": "419",
      "status": true,
      "created_date": "2022-01-06T20:05:12.976Z"
    }
  },
  {
    "model": "utils.cargo",
    "pk": 420,
    "fields": {
      "nombre": "Supervisor de Terreno",
      "descripcion": "420",
      "status": true,
      "created_date": "2022-01-06T20:05:12.978Z"
    }
  },
  {
    "model": "utils.cargo",
    "pk": 421,
    "fields": {
      "nombre": "Supervisor Eléctrico",
      "descripcion": "421",
      "status": true,
      "created_date": "2022-01-06T20:05:12.980Z"
    }
  },
  {
    "model": "utils.cargo",
    "pk": 422,
    "fields": {
      "nombre": "Supervisor Eléctrico PPT",
      "descripcion": "422",
      "status": true,
      "created_date": "2022-01-06T20:05:12.984Z"
    }
  },
  {
    "model": "utils.cargo",
    "pk": 423,
    "fields": {
      "nombre": "Supervisor Electrónico",
      "descripcion": "423",
      "status": true,
      "created_date": "2022-01-06T20:05:12.986Z"
    }
  },
  {
    "model": "utils.cargo",
    "pk": 424,
    "fields": {
      "nombre": "Supervisor Electrocontrol",
      "descripcion": "424",
      "status": true,
      "created_date": "2022-01-06T20:05:12.988Z"
    }
  },
  {
    "model": "utils.cargo",
    "pk": 425,
    "fields": {
      "nombre": "Supervisor Estrategia COVID",
      "descripcion": "425",
      "status": true,
      "created_date": "2022-01-06T20:05:12.990Z"
    }
  },
  {
    "model": "utils.cargo",
    "pk": 426,
    "fields": {
      "nombre": "Supervisor Evaporadores",
      "descripcion": "426",
      "status": true,
      "created_date": "2022-01-06T20:05:12.992Z"
    }
  },
  {
    "model": "utils.cargo",
    "pk": 427,
    "fields": {
      "nombre": "Supervisor Gestión",
      "descripcion": "427",
      "status": true,
      "created_date": "2022-01-06T20:05:12.994Z"
    }
  },
  {
    "model": "utils.cargo",
    "pk": 428,
    "fields": {
      "nombre": "Supervisor Grúa",
      "descripcion": "428",
      "status": true,
      "created_date": "2022-01-06T20:05:12.997Z"
    }
  },
  {
    "model": "utils.cargo",
    "pk": 429,
    "fields": {
      "nombre": "Supervisor Instrumentista",
      "descripcion": "429",
      "status": true,
      "created_date": "2022-01-06T20:05:13.000Z"
    }
  },
  {
    "model": "utils.cargo",
    "pk": 430,
    "fields": {
      "nombre": "Supervisor Maestranza",
      "descripcion": "430",
      "status": true,
      "created_date": "2022-01-06T20:05:13.002Z"
    }
  },
  {
    "model": "utils.cargo",
    "pk": 431,
    "fields": {
      "nombre": "Supervisor Mecánico",
      "descripcion": "431",
      "status": true,
      "created_date": "2022-01-06T20:05:13.005Z"
    }
  },
  {
    "model": "utils.cargo",
    "pk": 432,
    "fields": {
      "nombre": "Supervisor Mecánico Bombas",
      "descripcion": "432",
      "status": true,
      "created_date": "2022-01-06T20:05:13.007Z"
    }
  },
  {
    "model": "utils.cargo",
    "pk": 433,
    "fields": {
      "nombre": "Supervisor Motores",
      "descripcion": "433",
      "status": true,
      "created_date": "2022-01-06T20:05:13.009Z"
    }
  },
  {
    "model": "utils.cargo",
    "pk": 434,
    "fields": {
      "nombre": "Supervisor Servicios Generales",
      "descripcion": "434",
      "status": true,
      "created_date": "2022-01-06T20:05:13.012Z"
    }
  },
  {
    "model": "utils.cargo",
    "pk": 435,
    "fields": {
      "nombre": "Supervisor Terrreno",
      "descripcion": "435",
      "status": true,
      "created_date": "2022-01-06T20:05:13.015Z"
    }
  },
  {
    "model": "utils.cargo",
    "pk": 436,
    "fields": {
      "nombre": "Supervisor trabajos Mecánicos perimetrales",
      "descripcion": "436",
      "status": true,
      "created_date": "2022-01-06T20:05:13.017Z"
    }
  },
  {
    "model": "utils.cargo",
    "pk": 437,
    "fields": {
      "nombre": "Supervisor Turbina",
      "descripcion": "437",
      "status": true,
      "created_date": "2022-01-06T20:05:13.019Z"
    }
  },
  {
    "model": "utils.cargo",
    "pk": 438,
    "fields": {
      "nombre": "Supervisor Válvulas",
      "descripcion": "438",
      "status": true,
      "created_date": "2022-01-06T20:05:13.021Z"
    }
  },
  {
    "model": "utils.cargo",
    "pk": 439,
    "fields": {
      "nombre": "Técnico de Mantenimiento",
      "descripcion": "439",
      "status": true,
      "created_date": "2022-01-06T20:05:13.024Z"
    }
  },
  {
    "model": "utils.cargo",
    "pk": 440,
    "fields": {
      "nombre": "Técnico de Servicio en Terreno",
      "descripcion": "440",
      "status": true,
      "created_date": "2022-01-06T20:05:13.026Z"
    }
  },
  {
    "model": "utils.cargo",
    "pk": 441,
    "fields": {
      "nombre": "Técnico Eléctrico",
      "descripcion": "441",
      "status": true,
      "created_date": "2022-01-06T20:05:13.028Z"
    }
  },
  {
    "model": "utils.cargo",
    "pk": 442,
    "fields": {
      "nombre": "Técnico Eléctrico M1",
      "descripcion": "442",
      "status": true,
      "created_date": "2022-01-06T20:05:13.030Z"
    }
  },
  {
    "model": "utils.cargo",
    "pk": 443,
    "fields": {
      "nombre": "Técnico Eléctrico M2",
      "descripcion": "443",
      "status": true,
      "created_date": "2022-01-06T20:05:13.033Z"
    }
  },
  {
    "model": "utils.cargo",
    "pk": 444,
    "fields": {
      "nombre": "Técnico Electrónico",
      "descripcion": "444",
      "status": true,
      "created_date": "2022-01-06T20:05:13.035Z"
    }
  },
  {
    "model": "utils.cargo",
    "pk": 445,
    "fields": {
      "nombre": "Técnico Electrocontrol",
      "descripcion": "445",
      "status": true,
      "created_date": "2022-01-06T20:05:13.037Z"
    }
  },
  {
    "model": "utils.cargo",
    "pk": 446,
    "fields": {
      "nombre": "Técnico Electromecánico",
      "descripcion": "446",
      "status": true,
      "created_date": "2022-01-06T20:05:13.039Z"
    }
  },
  {
    "model": "utils.cargo",
    "pk": 447,
    "fields": {
      "nombre": "Técnico en Alimentos",
      "descripcion": "447",
      "status": true,
      "created_date": "2022-01-06T20:05:13.041Z"
    }
  },
  {
    "model": "utils.cargo",
    "pk": 448,
    "fields": {
      "nombre": "Técnico en Refrigeración",
      "descripcion": "448",
      "status": true,
      "created_date": "2022-01-06T20:05:13.044Z"
    }
  },
  {
    "model": "utils.cargo",
    "pk": 449,
    "fields": {
      "nombre": "Técnico Instrumentación M1",
      "descripcion": "449",
      "status": true,
      "created_date": "2022-01-06T20:05:13.046Z"
    }
  },
  {
    "model": "utils.cargo",
    "pk": 450,
    "fields": {
      "nombre": "Técnico Instrumentación M2",
      "descripcion": "450",
      "status": true,
      "created_date": "2022-01-06T20:05:13.051Z"
    }
  },
  {
    "model": "utils.cargo",
    "pk": 451,
    "fields": {
      "nombre": "Técnico Instrumentista",
      "descripcion": "451",
      "status": true,
      "created_date": "2022-01-06T20:05:13.053Z"
    }
  },
  {
    "model": "utils.cargo",
    "pk": 452,
    "fields": {
      "nombre": "Técnico Mecánico",
      "descripcion": "452",
      "status": true,
      "created_date": "2022-01-06T20:05:13.055Z"
    }
  },
  {
    "model": "utils.cargo",
    "pk": 453,
    "fields": {
      "nombre": "Técnico Mecánico M1",
      "descripcion": "453",
      "status": true,
      "created_date": "2022-01-06T20:05:13.057Z"
    }
  },
  {
    "model": "utils.cargo",
    "pk": 454,
    "fields": {
      "nombre": "Técnico Mecánico M2",
      "descripcion": "454",
      "status": true,
      "created_date": "2022-01-06T20:05:13.059Z"
    }
  },
  {
    "model": "utils.cargo",
    "pk": 455,
    "fields": {
      "nombre": "Tarjetero",
      "descripcion": "455",
      "status": true,
      "created_date": "2022-01-06T20:05:13.061Z"
    }
  },
  {
    "model": "utils.cargo",
    "pk": 456,
    "fields": {
      "nombre": "Tarjetero Capturador",
      "descripcion": "456",
      "status": true,
      "created_date": "2022-01-06T20:05:13.064Z"
    }
  },
  {
    "model": "utils.cargo",
    "pk": 457,
    "fields": {
      "nombre": "TENS",
      "descripcion": "457",
      "status": true,
      "created_date": "2022-01-06T20:05:13.067Z"
    }
  },
  {
    "model": "utils.cargo",
    "pk": 458,
    "fields": {
      "nombre": "Topógrafo",
      "descripcion": "458",
      "status": true,
      "created_date": "2022-01-06T20:05:13.069Z"
    }
  },
  {
    "model": "utils.cargo",
    "pk": 459,
    "fields": {
      "nombre": "Tornero",
      "descripcion": "459",
      "status": true,
      "created_date": "2022-01-06T20:05:13.071Z"
    }
  },
  {
    "model": "utils.cargo",
    "pk": 460,
    "fields": {
      "nombre": "Traductor",
      "descripcion": "460",
      "status": true,
      "created_date": "2022-01-06T20:05:13.074Z"
    }
  },
  {
    "model": "utils.cargo",
    "pk": 461,
    "fields": {
      "nombre": "Vigía",
      "descripcion": "461",
      "status": true,
      "created_date": "2022-01-06T20:05:13.076Z"
    }
  },
  {
    "model": "utils.cargo",
    "pk": 462,
    "fields": {
      "nombre": "Viverista",
      "descripcion": "462",
      "status": true,
      "created_date": "2022-01-06T20:05:13.078Z"
    }
  },
  {
    "model": "utils.cargo",
    "pk": 463,
    "fields": {
      "nombre": "Volante de Producción",
      "descripcion": "463",
      "status": true,
      "created_date": "2022-01-06T20:05:13.081Z"
    }
  },
  {
    "model": "utils.cargo",
    "pk": 464,
    "fields": {
      "nombre": "Volante Multipropósito ",
      "descripcion": "464",
      "status": true,
      "created_date": "2022-01-06T20:05:13.084Z"
    }
  },
  {
    "model": "utils.cargo",
    "pk": 465,
    "fields": {
      "nombre": "Volante Operaciones",
      "descripcion": "465",
      "status": true,
      "created_date": "2022-01-06T20:05:13.086Z"
    }
  },
  {
    "model": "utils.cargo",
    "pk": 466,
    "fields": {
      "nombre": "Volante Trainee",
      "descripcion": "466",
      "status": true,
      "created_date": "2022-01-06T20:05:13.088Z"
    }
  },
  {
    "model": "utils.cargo",
    "pk": 467,
    "fields": {
      "nombre": "Cajero",
      "alias": "General",
      "descripcion": "Cajero",
      "nombre_alias": null,
      "status": true,
      "created_date": "2022-01-24T15:00:13.840Z"
    }
  },
  {
    "model": "utils.cargo",
    "pk": 468,
    "fields": {
      "nombre": "Reponedor",
      "alias": "General",
      "descripcion": "Reponedor",
      "nombre_alias": null,
      "status": true,
      "created_date": "2022-01-24T15:03:24.812Z"
    }
  },
  {
    "model": "utils.area",
    "pk": 1,
    "fields": {
      "nombre": "Área Prueba",
      "status": true,
      "created_date": "2022-01-06T19:57:42.308Z"
    }
  },
  {
    "model": "utils.area",
    "pk": 2,
    "fields": {
      "nombre": "Abastecimiento",
      "status": true,
      "created_date": "2022-01-06T19:57:42.313Z"
    }
  },
  {
    "model": "utils.area",
    "pk": 3,
    "fields": {
      "nombre": "Accionamiento",
      "status": true,
      "created_date": "2022-01-06T19:57:42.316Z"
    }
  },
  {
    "model": "utils.area",
    "pk": 4,
    "fields": {
      "nombre": "Administración",
      "status": true,
      "created_date": "2022-01-06T19:57:42.318Z"
    }
  },
  {
    "model": "utils.area",
    "pk": 5,
    "fields": {
      "nombre": "Aserradero / Resierra",
      "status": true,
      "created_date": "2022-01-06T19:57:42.320Z"
    }
  },
  {
    "model": "utils.area",
    "pk": 6,
    "fields": {
      "nombre": "Biomasa",
      "status": true,
      "created_date": "2022-01-06T19:57:42.322Z"
    }
  },
  {
    "model": "utils.area",
    "pk": 7,
    "fields": {
      "nombre": "Bodega",
      "status": true,
      "created_date": "2022-01-06T19:57:42.324Z"
    }
  },
  {
    "model": "utils.area",
    "pk": 8,
    "fields": {
      "nombre": "Caldera de Poder",
      "status": true,
      "created_date": "2022-01-06T19:57:42.327Z"
    }
  },
  {
    "model": "utils.area",
    "pk": 9,
    "fields": {
      "nombre": "Calderería",
      "status": true,
      "created_date": "2022-01-06T19:57:42.329Z"
    }
  },
  {
    "model": "utils.area",
    "pk": 10,
    "fields": {
      "nombre": "Calidad",
      "status": true,
      "created_date": "2022-01-06T19:57:42.332Z"
    }
  },
  {
    "model": "utils.area",
    "pk": 11,
    "fields": {
      "nombre": "Caustificación",
      "status": true,
      "created_date": "2022-01-06T19:57:42.335Z"
    }
  },
  {
    "model": "utils.area",
    "pk": 12,
    "fields": {
      "nombre": "Caustificación y Hcal",
      "status": true,
      "created_date": "2022-01-06T19:57:42.337Z"
    }
  },
  {
    "model": "utils.area",
    "pk": 13,
    "fields": {
      "nombre": "Cepillado",
      "status": true,
      "created_date": "2022-01-06T19:57:42.339Z"
    }
  },
  {
    "model": "utils.area",
    "pk": 14,
    "fields": {
      "nombre": "Chae",
      "status": true,
      "created_date": "2022-01-06T19:57:42.341Z"
    }
  },
  {
    "model": "utils.area",
    "pk": 15,
    "fields": {
      "nombre": "Comisionamiento",
      "status": true,
      "created_date": "2022-01-06T19:57:42.343Z"
    }
  },
  {
    "model": "utils.area",
    "pk": 16,
    "fields": {
      "nombre": "Confialidad",
      "status": true,
      "created_date": "2022-01-06T19:57:42.346Z"
    }
  },
  {
    "model": "utils.area",
    "pk": 17,
    "fields": {
      "nombre": "Confinamiento",
      "status": true,
      "created_date": "2022-01-06T19:57:42.348Z"
    }
  },
  {
    "model": "utils.area",
    "pk": 18,
    "fields": {
      "nombre": "Contabilidad",
      "status": true,
      "created_date": "2022-01-06T19:57:42.350Z"
    }
  },
  {
    "model": "utils.area",
    "pk": 19,
    "fields": {
      "nombre": "Control de Calidad",
      "status": true,
      "created_date": "2022-01-06T19:57:42.352Z"
    }
  },
  {
    "model": "utils.area",
    "pk": 20,
    "fields": {
      "nombre": "Control de Procesos",
      "status": true,
      "created_date": "2022-01-06T19:57:42.355Z"
    }
  },
  {
    "model": "utils.area",
    "pk": 21,
    "fields": {
      "nombre": "DCS",
      "status": true,
      "created_date": "2022-01-06T19:57:42.357Z"
    }
  },
  {
    "model": "utils.area",
    "pk": 22,
    "fields": {
      "nombre": "Descortezado",
      "status": true,
      "created_date": "2022-01-06T19:57:42.359Z"
    }
  },
  {
    "model": "utils.area",
    "pk": 23,
    "fields": {
      "nombre": "Despacho",
      "status": true,
      "created_date": "2022-01-06T19:57:42.361Z"
    }
  },
  {
    "model": "utils.area",
    "pk": 24,
    "fields": {
      "nombre": "Digestores",
      "status": true,
      "created_date": "2022-01-06T19:57:42.364Z"
    }
  },
  {
    "model": "utils.area",
    "pk": 25,
    "fields": {
      "nombre": "Digestores, Lavado y Blanqueo",
      "status": true,
      "created_date": "2022-01-06T19:57:42.366Z"
    }
  },
  {
    "model": "utils.area",
    "pk": 26,
    "fields": {
      "nombre": "Distribucion",
      "status": true,
      "created_date": "2022-01-06T19:57:42.368Z"
    }
  },
  {
    "model": "utils.area",
    "pk": 27,
    "fields": {
      "nombre": "Efluentes",
      "status": true,
      "created_date": "2022-01-06T19:57:42.370Z"
    }
  },
  {
    "model": "utils.area",
    "pk": 28,
    "fields": {
      "nombre": "Eléctrica",
      "status": true,
      "created_date": "2022-01-06T19:57:42.372Z"
    }
  },
  {
    "model": "utils.area",
    "pk": 29,
    "fields": {
      "nombre": "Electrocontrol",
      "status": true,
      "created_date": "2022-01-06T19:57:42.374Z"
    }
  },
  {
    "model": "utils.area",
    "pk": 30,
    "fields": {
      "nombre": "Eliminar",
      "status": true,
      "created_date": "2022-01-06T19:57:42.376Z"
    }
  },
  {
    "model": "utils.area",
    "pk": 31,
    "fields": {
      "nombre": "Embalaje/Seco/Sepillado",
      "status": true,
      "created_date": "2022-01-06T19:57:42.379Z"
    }
  },
  {
    "model": "utils.area",
    "pk": 32,
    "fields": {
      "nombre": "Energía",
      "status": true,
      "created_date": "2022-01-06T19:57:42.382Z"
    }
  },
  {
    "model": "utils.area",
    "pk": 33,
    "fields": {
      "nombre": "Energia C.P.",
      "status": true,
      "created_date": "2022-01-06T19:57:42.384Z"
    }
  },
  {
    "model": "utils.area",
    "pk": 34,
    "fields": {
      "nombre": "Energia C.R.",
      "status": true,
      "created_date": "2022-01-06T19:57:42.387Z"
    }
  },
  {
    "model": "utils.area",
    "pk": 35,
    "fields": {
      "nombre": "Equipos Rotatorios",
      "status": true,
      "created_date": "2022-01-06T19:57:42.389Z"
    }
  },
  {
    "model": "utils.area",
    "pk": 36,
    "fields": {
      "nombre": "Estaticos",
      "status": true,
      "created_date": "2022-01-06T19:57:42.391Z"
    }
  },
  {
    "model": "utils.area",
    "pk": 37,
    "fields": {
      "nombre": "Estructura",
      "status": true,
      "created_date": "2022-01-06T19:57:42.393Z"
    }
  },
  {
    "model": "utils.area",
    "pk": 38,
    "fields": {
      "nombre": "Evaporadores",
      "status": true,
      "created_date": "2022-01-06T19:57:42.396Z"
    }
  },
  {
    "model": "utils.area",
    "pk": 39,
    "fields": {
      "nombre": "Fibra",
      "status": true,
      "created_date": "2022-01-06T19:57:42.399Z"
    }
  },
  {
    "model": "utils.area",
    "pk": 40,
    "fields": {
      "nombre": "Fibra Electrocontrol",
      "status": true,
      "created_date": "2022-01-06T19:57:42.401Z"
    }
  },
  {
    "model": "utils.area",
    "pk": 41,
    "fields": {
      "nombre": "Fibra y Máquina",
      "status": true,
      "created_date": "2022-01-06T19:57:42.404Z"
    }
  },
  {
    "model": "utils.area",
    "pk": 42,
    "fields": {
      "nombre": "Finanzas",
      "status": true,
      "created_date": "2022-01-06T19:57:42.406Z"
    }
  },
  {
    "model": "utils.area",
    "pk": 43,
    "fields": {
      "nombre": "Flota",
      "status": true,
      "created_date": "2022-01-06T19:57:42.408Z"
    }
  },
  {
    "model": "utils.area",
    "pk": 44,
    "fields": {
      "nombre": "Genética Operacional",
      "status": true,
      "created_date": "2022-01-06T19:57:42.410Z"
    }
  },
  {
    "model": "utils.area",
    "pk": 45,
    "fields": {
      "nombre": "Generación y Distribución",
      "status": true,
      "created_date": "2022-01-06T19:57:42.413Z"
    }
  },
  {
    "model": "utils.area",
    "pk": 46,
    "fields": {
      "nombre": "General Planta",
      "status": true,
      "created_date": "2022-01-06T19:57:42.415Z"
    }
  },
  {
    "model": "utils.area",
    "pk": 47,
    "fields": {
      "nombre": "Gestión Complejo",
      "status": true,
      "created_date": "2022-01-06T19:57:42.418Z"
    }
  },
  {
    "model": "utils.area",
    "pk": 48,
    "fields": {
      "nombre": "Gestión Planta",
      "status": true,
      "created_date": "2022-01-06T19:57:42.420Z"
    }
  },
  {
    "model": "utils.area",
    "pk": 49,
    "fields": {
      "nombre": "HB",
      "status": true,
      "created_date": "2022-01-06T19:57:42.422Z"
    }
  },
  {
    "model": "utils.area",
    "pk": 50,
    "fields": {
      "nombre": "Hidráulica",
      "status": true,
      "created_date": "2022-01-06T19:57:42.424Z"
    }
  },
  {
    "model": "utils.area",
    "pk": 51,
    "fields": {
      "nombre": "Horno",
      "status": true,
      "created_date": "2022-01-06T19:57:42.427Z"
    }
  },
  {
    "model": "utils.area",
    "pk": 52,
    "fields": {
      "nombre": "Informática",
      "status": true,
      "created_date": "2022-01-06T19:57:42.431Z"
    }
  },
  {
    "model": "utils.area",
    "pk": 53,
    "fields": {
      "nombre": "Ingeniería",
      "status": true,
      "created_date": "2022-01-06T19:57:42.433Z"
    }
  },
  {
    "model": "utils.area",
    "pk": 54,
    "fields": {
      "nombre": "Inspecciones",
      "status": true,
      "created_date": "2022-01-06T19:57:42.436Z"
    }
  },
  {
    "model": "utils.area",
    "pk": 55,
    "fields": {
      "nombre": "Jambs",
      "status": true,
      "created_date": "2022-01-06T19:57:42.438Z"
    }
  },
  {
    "model": "utils.area",
    "pk": 56,
    "fields": {
      "nombre": "Kallfass",
      "status": true,
      "created_date": "2022-01-06T19:57:42.440Z"
    }
  },
  {
    "model": "utils.area",
    "pk": 57,
    "fields": {
      "nombre": "Laboratorio",
      "status": true,
      "created_date": "2022-01-06T19:57:42.442Z"
    }
  },
  {
    "model": "utils.area",
    "pk": 58,
    "fields": {
      "nombre": "Lavado",
      "status": true,
      "created_date": "2022-01-06T19:57:42.444Z"
    }
  },
  {
    "model": "utils.area",
    "pk": 59,
    "fields": {
      "nombre": "Licitaciones",
      "status": true,
      "created_date": "2022-01-06T19:57:42.447Z"
    }
  },
  {
    "model": "utils.area",
    "pk": 60,
    "fields": {
      "nombre": "Licor",
      "status": true,
      "created_date": "2022-01-06T19:57:42.449Z"
    }
  },
  {
    "model": "utils.area",
    "pk": 61,
    "fields": {
      "nombre": "Licor Electrocontrol",
      "status": true,
      "created_date": "2022-01-06T19:57:42.452Z"
    }
  },
  {
    "model": "utils.area",
    "pk": 62,
    "fields": {
      "nombre": "Licor y Caustificación",
      "status": true,
      "created_date": "2022-01-06T19:57:42.454Z"
    }
  },
  {
    "model": "utils.area",
    "pk": 63,
    "fields": {
      "nombre": "Logística",
      "status": true,
      "created_date": "2022-01-06T19:57:42.456Z"
    }
  },
  {
    "model": "utils.area",
    "pk": 64,
    "fields": {
      "nombre": "Lubricación",
      "status": true,
      "created_date": "2022-01-06T19:57:42.458Z"
    }
  },
  {
    "model": "utils.area",
    "pk": 65,
    "fields": {
      "nombre": "Máquina",
      "status": true,
      "created_date": "2022-01-06T19:57:42.461Z"
    }
  },
  {
    "model": "utils.area",
    "pk": 66,
    "fields": {
      "nombre": "Madera Electrocontrol",
      "status": true,
      "created_date": "2022-01-06T19:57:42.464Z"
    }
  },
  {
    "model": "utils.area",
    "pk": 67,
    "fields": {
      "nombre": "Maderas",
      "status": true,
      "created_date": "2022-01-06T19:57:42.467Z"
    }
  },
  {
    "model": "utils.area",
    "pk": 68,
    "fields": {
      "nombre": "Maestranza",
      "status": true,
      "created_date": "2022-01-06T19:57:42.469Z"
    }
  },
  {
    "model": "utils.area",
    "pk": 69,
    "fields": {
      "nombre": "Mantención",
      "status": true,
      "created_date": "2022-01-06T19:57:42.471Z"
    }
  },
  {
    "model": "utils.area",
    "pk": 70,
    "fields": {
      "nombre": "Mantención Central",
      "status": true,
      "created_date": "2022-01-06T19:57:42.473Z"
    }
  },
  {
    "model": "utils.area",
    "pk": 71,
    "fields": {
      "nombre": "Mantención Eléctrica Tableros",
      "status": true,
      "created_date": "2022-01-06T19:57:42.475Z"
    }
  },
  {
    "model": "utils.area",
    "pk": 72,
    "fields": {
      "nombre": "Mantención Flota",
      "status": true,
      "created_date": "2022-01-06T19:57:42.477Z"
    }
  },
  {
    "model": "utils.area",
    "pk": 73,
    "fields": {
      "nombre": "Mantención Mecánica Tableros",
      "status": true,
      "created_date": "2022-01-06T19:57:42.480Z"
    }
  },
  {
    "model": "utils.area",
    "pk": 74,
    "fields": {
      "nombre": "Mantención Mecánica V/A",
      "status": true,
      "created_date": "2022-01-06T19:57:42.483Z"
    }
  },
  {
    "model": "utils.area",
    "pk": 75,
    "fields": {
      "nombre": "Mantención Planta Conserva",
      "status": true,
      "created_date": "2022-01-06T19:57:42.485Z"
    }
  },
  {
    "model": "utils.area",
    "pk": 76,
    "fields": {
      "nombre": "Mantención Planta Harina",
      "status": true,
      "created_date": "2022-01-06T19:57:42.487Z"
    }
  },
  {
    "model": "utils.area",
    "pk": 77,
    "fields": {
      "nombre": "Mantención Predictiva",
      "status": true,
      "created_date": "2022-01-06T19:57:42.489Z"
    }
  },
  {
    "model": "utils.area",
    "pk": 78,
    "fields": {
      "nombre": "Mantención SIER",
      "status": true,
      "created_date": "2022-01-06T19:57:42.492Z"
    }
  },
  {
    "model": "utils.area",
    "pk": 79,
    "fields": {
      "nombre": "Mantención SIF",
      "status": true,
      "created_date": "2022-01-06T19:57:42.495Z"
    }
  },
  {
    "model": "utils.area",
    "pk": 80,
    "fields": {
      "nombre": "Mantención Turnos",
      "status": true,
      "created_date": "2022-01-06T19:57:42.498Z"
    }
  },
  {
    "model": "utils.area",
    "pk": 81,
    "fields": {
      "nombre": "Masso",
      "status": true,
      "created_date": "2022-01-06T19:57:42.500Z"
    }
  },
  {
    "model": "utils.area",
    "pk": 82,
    "fields": {
      "nombre": "Materias Primas",
      "status": true,
      "created_date": "2022-01-06T19:57:42.502Z"
    }
  },
  {
    "model": "utils.area",
    "pk": 83,
    "fields": {
      "nombre": "MDF1",
      "status": true,
      "created_date": "2022-01-06T19:57:42.504Z"
    }
  },
  {
    "model": "utils.area",
    "pk": 84,
    "fields": {
      "nombre": "MDF2",
      "status": true,
      "created_date": "2022-01-06T19:57:42.507Z"
    }
  },
  {
    "model": "utils.area",
    "pk": 85,
    "fields": {
      "nombre": "Medio Ambiente ",
      "status": true,
      "created_date": "2022-01-06T19:57:42.509Z"
    }
  },
  {
    "model": "utils.area",
    "pk": 86,
    "fields": {
      "nombre": "Mejora Continua",
      "status": true,
      "created_date": "2022-01-06T19:57:42.511Z"
    }
  },
  {
    "model": "utils.area",
    "pk": 87,
    "fields": {
      "nombre": "Melamina ",
      "status": true,
      "created_date": "2022-01-06T19:57:42.516Z"
    }
  },
  {
    "model": "utils.area",
    "pk": 88,
    "fields": {
      "nombre": "Molduras",
      "status": true,
      "created_date": "2022-01-06T19:57:42.518Z"
    }
  },
  {
    "model": "utils.area",
    "pk": 89,
    "fields": {
      "nombre": "Motores",
      "status": true,
      "created_date": "2022-01-06T19:57:42.520Z"
    }
  },
  {
    "model": "utils.area",
    "pk": 90,
    "fields": {
      "nombre": "Nueva Área",
      "status": true,
      "created_date": "2022-01-06T19:57:42.523Z"
    }
  },
  {
    "model": "utils.area",
    "pk": 91,
    "fields": {
      "nombre": "Obras Civiles",
      "status": true,
      "created_date": "2022-01-06T19:57:42.526Z"
    }
  },
  {
    "model": "utils.area",
    "pk": 92,
    "fields": {
      "nombre": "Otra Área",
      "status": true,
      "created_date": "2022-01-06T19:57:42.531Z"
    }
  },
  {
    "model": "utils.area",
    "pk": 93,
    "fields": {
      "nombre": "Palillera",
      "status": true,
      "created_date": "2022-01-06T19:57:42.534Z"
    }
  },
  {
    "model": "utils.area",
    "pk": 94,
    "fields": {
      "nombre": "Periféricos",
      "status": true,
      "created_date": "2022-01-06T19:57:42.536Z"
    }
  },
  {
    "model": "utils.area",
    "pk": 95,
    "fields": {
      "nombre": "PGE",
      "status": true,
      "created_date": "2022-01-06T19:57:42.540Z"
    }
  },
  {
    "model": "utils.area",
    "pk": 96,
    "fields": {
      "nombre": "Pigmento",
      "status": true,
      "created_date": "2022-01-06T19:57:42.542Z"
    }
  },
  {
    "model": "utils.area",
    "pk": 97,
    "fields": {
      "nombre": "Planificación",
      "status": true,
      "created_date": "2022-01-06T19:57:42.545Z"
    }
  },
  {
    "model": "utils.area",
    "pk": 98,
    "fields": {
      "nombre": "Planta Térmica",
      "status": true,
      "created_date": "2022-01-06T19:57:42.548Z"
    }
  },
  {
    "model": "utils.area",
    "pk": 99,
    "fields": {
      "nombre": "PM/PTE",
      "status": true,
      "created_date": "2022-01-06T19:57:42.551Z"
    }
  },
  {
    "model": "utils.area",
    "pk": 100,
    "fields": {
      "nombre": "PPT",
      "status": true,
      "created_date": "2022-01-06T19:57:42.554Z"
    }
  },
  {
    "model": "utils.area",
    "pk": 101,
    "fields": {
      "nombre": "Preparación Madera",
      "status": true,
      "created_date": "2022-01-06T19:57:42.557Z"
    }
  },
  {
    "model": "utils.area",
    "pk": 102,
    "fields": {
      "nombre": "Prevención",
      "status": true,
      "created_date": "2022-01-06T19:57:42.559Z"
    }
  },
  {
    "model": "utils.area",
    "pk": 103,
    "fields": {
      "nombre": "Procesos Verdes",
      "status": true,
      "created_date": "2022-01-06T19:57:42.562Z"
    }
  },
  {
    "model": "utils.area",
    "pk": 104,
    "fields": {
      "nombre": "Producción",
      "status": true,
      "created_date": "2022-01-06T19:57:42.565Z"
    }
  },
  {
    "model": "utils.area",
    "pk": 105,
    "fields": {
      "nombre": "Protecciones",
      "status": true,
      "created_date": "2022-01-06T19:57:42.567Z"
    }
  },
  {
    "model": "utils.area",
    "pk": 106,
    "fields": {
      "nombre": "Proyectos",
      "status": true,
      "created_date": "2022-01-06T19:57:42.570Z"
    }
  },
  {
    "model": "utils.area",
    "pk": 107,
    "fields": {
      "nombre": "PTE",
      "status": true,
      "created_date": "2022-01-06T19:57:42.573Z"
    }
  },
  {
    "model": "utils.area",
    "pk": 108,
    "fields": {
      "nombre": "Pulpa",
      "status": true,
      "created_date": "2022-01-06T19:57:42.575Z"
    }
  },
  {
    "model": "utils.area",
    "pk": 109,
    "fields": {
      "nombre": "Química",
      "status": true,
      "created_date": "2022-01-06T19:57:42.578Z"
    }
  },
  {
    "model": "utils.area",
    "pk": 110,
    "fields": {
      "nombre": "Reaserrio",
      "status": true,
      "created_date": "2022-01-06T19:57:42.580Z"
    }
  },
  {
    "model": "utils.area",
    "pk": 111,
    "fields": {
      "nombre": "Recubrimiento",
      "status": true,
      "created_date": "2022-01-06T19:57:42.583Z"
    }
  },
  {
    "model": "utils.area",
    "pk": 112,
    "fields": {
      "nombre": "Recuperadora",
      "status": true,
      "created_date": "2022-01-06T19:57:42.586Z"
    }
  },
  {
    "model": "utils.area",
    "pk": 113,
    "fields": {
      "nombre": "Rotatorios",
      "status": true,
      "created_date": "2022-01-06T19:57:42.588Z"
    }
  },
  {
    "model": "utils.area",
    "pk": 114,
    "fields": {
      "nombre": "Secado",
      "status": true,
      "created_date": "2022-01-06T19:57:42.590Z"
    }
  },
  {
    "model": "utils.area",
    "pk": 115,
    "fields": {
      "nombre": "Servicios Centrales",
      "status": true,
      "created_date": "2022-01-06T19:57:42.593Z"
    }
  },
  {
    "model": "utils.area",
    "pk": 116,
    "fields": {
      "nombre": "Servicios Electrocontrol",
      "status": true,
      "created_date": "2022-01-06T19:57:42.596Z"
    }
  },
  {
    "model": "utils.area",
    "pk": 117,
    "fields": {
      "nombre": "Servicios Especiales",
      "status": true,
      "created_date": "2022-01-06T19:57:42.600Z"
    }
  },
  {
    "model": "utils.area",
    "pk": 118,
    "fields": {
      "nombre": "Servicios Generales",
      "status": true,
      "created_date": "2022-01-06T19:57:42.602Z"
    }
  },
  {
    "model": "utils.area",
    "pk": 119,
    "fields": {
      "nombre": "Servicios Mecánicos",
      "status": true,
      "created_date": "2022-01-06T19:57:42.605Z"
    }
  },
  {
    "model": "utils.area",
    "pk": 120,
    "fields": {
      "nombre": "Servicios Taller",
      "status": true,
      "created_date": "2022-01-06T19:57:42.607Z"
    }
  },
  {
    "model": "utils.area",
    "pk": 121,
    "fields": {
      "nombre": "SI",
      "status": true,
      "created_date": "2022-01-06T19:57:42.610Z"
    }
  },
  {
    "model": "utils.area",
    "pk": 122,
    "fields": {
      "nombre": "SIL",
      "status": true,
      "created_date": "2022-01-06T19:57:42.613Z"
    }
  },
  {
    "model": "utils.area",
    "pk": 123,
    "fields": {
      "nombre": "SIMM",
      "status": true,
      "created_date": "2022-01-06T19:57:42.616Z"
    }
  },
  {
    "model": "utils.area",
    "pk": 124,
    "fields": {
      "nombre": "SIMyE",
      "status": true,
      "created_date": "2022-01-06T19:57:42.619Z"
    }
  },
  {
    "model": "utils.area",
    "pk": 125,
    "fields": {
      "nombre": "Sintomático",
      "status": true,
      "created_date": "2022-01-06T19:57:42.621Z"
    }
  },
  {
    "model": "utils.area",
    "pk": 126,
    "fields": {
      "nombre": "SIPSSO",
      "status": true,
      "created_date": "2022-01-06T19:57:42.624Z"
    }
  },
  {
    "model": "utils.area",
    "pk": 127,
    "fields": {
      "nombre": "SIPSSO Cel. Planta Licancel",
      "status": true,
      "created_date": "2022-01-06T19:57:42.626Z"
    }
  },
  {
    "model": "utils.area",
    "pk": 128,
    "fields": {
      "nombre": "Sistemas",
      "status": true,
      "created_date": "2022-01-06T19:57:42.629Z"
    }
  },
  {
    "model": "utils.area",
    "pk": 129,
    "fields": {
      "nombre": "Sistemas y Accionamiento",
      "status": true,
      "created_date": "2022-01-06T19:57:42.632Z"
    }
  },
  {
    "model": "utils.area",
    "pk": 130,
    "fields": {
      "nombre": "SSO",
      "status": true,
      "created_date": "2022-01-06T19:57:42.634Z"
    }
  },
  {
    "model": "utils.area",
    "pk": 131,
    "fields": {
      "nombre": "Superintendencia CyH P. Agua Efluentes",
      "status": true,
      "created_date": "2022-01-06T19:57:42.637Z"
    }
  },
  {
    "model": "utils.area",
    "pk": 132,
    "fields": {
      "nombre": "Superintendencia de Confiabilidad",
      "status": true,
      "created_date": "2022-01-06T19:57:42.639Z"
    }
  },
  {
    "model": "utils.area",
    "pk": 133,
    "fields": {
      "nombre": "Superintendencia de Personas",
      "status": true,
      "created_date": "2022-01-06T19:57:42.642Z"
    }
  },
  {
    "model": "utils.area",
    "pk": 134,
    "fields": {
      "nombre": "Superintendencia de Planificación y Confiabilidad",
      "status": true,
      "created_date": "2022-01-06T19:57:42.645Z"
    }
  },
  {
    "model": "utils.area",
    "pk": 135,
    "fields": {
      "nombre": "Superintendencia de Procesos",
      "status": true,
      "created_date": "2022-01-06T19:57:42.648Z"
    }
  },
  {
    "model": "utils.area",
    "pk": 136,
    "fields": {
      "nombre": "Superintendencia Mantención Madera Fibra Máquina",
      "status": true,
      "created_date": "2022-01-06T19:57:42.651Z"
    }
  },
  {
    "model": "utils.area",
    "pk": 137,
    "fields": {
      "nombre": "Superintendencia Servicios Centrales",
      "status": true,
      "created_date": "2022-01-06T19:57:42.653Z"
    }
  },
  {
    "model": "utils.area",
    "pk": 138,
    "fields": {
      "nombre": "supply chain",
      "status": true,
      "created_date": "2022-01-06T19:57:42.656Z"
    }
  },
  {
    "model": "utils.area",
    "pk": 139,
    "fields": {
      "nombre": "Taller De Afilado",
      "status": true,
      "created_date": "2022-01-06T19:57:42.658Z"
    }
  },
  {
    "model": "utils.area",
    "pk": 140,
    "fields": {
      "nombre": "Taller Eléctrico",
      "status": true,
      "created_date": "2022-01-06T19:57:42.660Z"
    }
  },
  {
    "model": "utils.area",
    "pk": 141,
    "fields": {
      "nombre": "Taller Electrónico",
      "status": true,
      "created_date": "2022-01-06T19:57:42.663Z"
    }
  },
  {
    "model": "utils.area",
    "pk": 142,
    "fields": {
      "nombre": "Taller Instrumentación",
      "status": true,
      "created_date": "2022-01-06T19:57:42.666Z"
    }
  },
  {
    "model": "utils.area",
    "pk": 143,
    "fields": {
      "nombre": "Taller Mecánico",
      "status": true,
      "created_date": "2022-01-06T19:57:42.668Z"
    }
  },
  {
    "model": "utils.area",
    "pk": 144,
    "fields": {
      "nombre": "Taquera",
      "status": true,
      "created_date": "2022-01-06T19:57:42.670Z"
    }
  },
  {
    "model": "utils.area",
    "pk": 145,
    "fields": {
      "nombre": "Técnico Nivel Superior Enfermería",
      "status": true,
      "created_date": "2022-01-06T19:57:42.673Z"
    }
  },
  {
    "model": "utils.area",
    "pk": 146,
    "fields": {
      "nombre": "Terminación",
      "status": true,
      "created_date": "2022-01-06T19:57:42.675Z"
    }
  },
  {
    "model": "utils.area",
    "pk": 147,
    "fields": {
      "nombre": "Transversal",
      "status": true,
      "created_date": "2022-01-06T19:57:42.678Z"
    }
  },
  {
    "model": "utils.area",
    "pk": 148,
    "fields": {
      "nombre": "Turbina",
      "status": true,
      "created_date": "2022-01-06T19:57:42.681Z"
    }
  },
  {
    "model": "utils.area",
    "pk": 149,
    "fields": {
      "nombre": "Turno Electrocontrol",
      "status": true,
      "created_date": "2022-01-06T19:57:42.684Z"
    }
  },
  {
    "model": "utils.area",
    "pk": 150,
    "fields": {
      "nombre": "Turno HB",
      "status": true,
      "created_date": "2022-01-06T19:57:42.687Z"
    }
  },
  {
    "model": "utils.area",
    "pk": 151,
    "fields": {
      "nombre": "Turno MDF/PGE",
      "status": true,
      "created_date": "2022-01-06T19:57:42.689Z"
    }
  },
  {
    "model": "utils.area",
    "pk": 152,
    "fields": {
      "nombre": "Turno mecánico",
      "status": true,
      "created_date": "2022-01-06T19:57:42.692Z"
    }
  },
  {
    "model": "utils.area",
    "pk": 153,
    "fields": {
      "nombre": "Turno Molduras",
      "status": true,
      "created_date": "2022-01-06T19:57:42.695Z"
    }
  },
  {
    "model": "utils.area",
    "pk": 154,
    "fields": {
      "nombre": "Utility",
      "status": true,
      "created_date": "2022-01-06T19:57:42.698Z"
    }
  },
  {
    "model": "utils.area",
    "pk": 155,
    "fields": {
      "nombre": "Válvulas",
      "status": true,
      "created_date": "2022-01-06T19:57:42.700Z"
    }
  },
  {
    "model": "utils.area",
    "pk": 156,
    "fields": {
      "nombre": "Válvulas Automáticas",
      "status": true,
      "created_date": "2022-01-06T19:57:42.702Z"
    }
  },
  {
    "model": "utils.area",
    "pk": 157,
    "fields": {
      "nombre": "Válvulas Mecánicas",
      "status": true,
      "created_date": "2022-01-06T19:57:42.705Z"
    }
  },
  {
    "model": "utils.area",
    "pk": 158,
    "fields": {
      "nombre": "Valor Agregado",
      "status": true,
      "created_date": "2022-01-06T19:57:42.708Z"
    }
  },
  {
    "model": "utils.area",
    "pk": 159,
    "fields": {
      "nombre": "Viveros Quivolgo",
      "status": true,
      "created_date": "2022-01-06T19:57:42.710Z"
    }
  },
  {
    "model": "utils.area",
    "pk": 160,
    "fields": {
      "nombre": "Zona de Resguardo",
      "status": true,
      "created_date": "2022-01-06T19:57:42.713Z"
    }
  },
  {
    "model": "utils.area",
    "pk": 161,
    "fields": {
      "nombre": "Servicios",
      "status": true,
      "created_date": "2022-01-24T14:58:38.688Z"
    }
  },
  {
    "model": "utils.area",
    "pk": 162,
    "fields": {
      "nombre": "Sala de Ventas",
      "status": true,
      "created_date": "2022-01-24T14:58:51.545Z"
    }
  },
  {
    "model": "utils.horario",
    "pk": 1,
    "fields": {
      "nombre": "Sin Horario",
      "descripcion": "En atención a la naturaleza de la función encomendada, de dirección y supervisión, el trabajador quedará excluido de la limitación de jornada horaria lo establecido en el Art. 22 inciso segundo del Código del Trabajo, sin perjuicio de lo anterior, prestará los servicios convenidos, de lunes a sábado de cada mes calendario.",
      "status": true,
      "created_date": "2022-01-06T20:25:29.395Z"
    }
  },
  {
    "model": "utils.horario",
    "pk": 2,
    "fields": {
      "nombre": "Adicional Admin. Causal E y Turno Causal E",
      "descripcion": "El Trabajador registrará su asistencia, tanto en su ingreso como egreso, en el registro respectivo sistema de registro.<w:br/>El horario indicado precedentemente podrá ser modificado por acuerdo de las partes si las necesidades de funcionamiento de la Empresa lo hicieren necesario o por las extensiones de jornadas que puedan ocurrir.",
      "status": true,
      "created_date": "2022-01-06T20:25:29.398Z"
    }
  },
  {
    "model": "utils.horario",
    "pk": 3,
    "fields": {
      "nombre": "Adicional Tiempo Extraordinario",
      "descripcion": "El tiempo extraordinario que se labore se pagará conjuntamente con la respectiva liquidación de remuneraciones y con el recargo legal que estipula la normativa legal vigente, en virtud del pacto de horas extraordinarias correspondiente.",
      "status": true,
      "created_date": "2022-01-06T20:25:29.400Z"
    }
  },
  {
    "model": "utils.horario",
    "pk": 4,
    "fields": {
      "nombre": "Reponedor Nocturno ",
      "descripcion": "Se establece una jornada laboral de 45 horas semanales en el siguiente horario: Lunes a Viernes de 20:00 a 06:00.\nLa jornada diaria se interrumpirá por 60 minutos, destinados a colación, tiempo que será a cargo del trabajador.\nEl tiempo extraordinario que se labore se pagará conjuntamente con la respectiva liquidación de remuneraciones y con el recargo legal que estipula la normativa legal vigente, en virtud del pacto de horas extraordinarias correspondiente.",
      "status": true,
      "created_date": "2022-01-06T20:25:29.403Z"
    }
  },
  {
    "model": "utils.horario",
    "pk": 5,
    "fields": {
      "nombre": "Bodeguero 09:00 a 17:30",
      "descripcion": "Se establece una jornada laboral de 8 horas en el siguiente horario: De 09:00 a 17:30. La jornada diaria se interrumpirá por 30 minutos, destinados a colación, tiempo que será a cargo del trabajador. El tiempo extraordinario que se labore se pagará conjuntamente con la respectiva liquidación de remuneraciones y con el recargo legal que estipula la normativa legal vigente, en virtud del pacto de horas extraordinarias correspondiente.",
      "status": true,
      "created_date": "2022-01-06T20:25:29.405Z"
    }
  },
  {
    "model": "utils.horario",
    "pk": 6,
    "fields": {
      "nombre": "Reponedor Diario De 11:30 a 19:30",
      "descripcion": "Se establece una jornada laboral de 8 horas en el siguiente horario: De 11:30 a 19:30. La jornada diaria se interrumpirá por 30 minutos, destinados a colación, tiempo que será a cargo del trabajador. El tiempo extraordinario que se labore se pagará conjuntamente con la respectiva liquidación de remuneraciones y con el recargo legal que estipula la normativa legal vigente, en virtud del pacto de horas extraordinarias correspondiente.",
      "status": true,
      "created_date": "2022-01-06T20:25:29.408Z"
    }
  },
  {
    "model": "utils.horario",
    "pk": 7,
    "fields": {
      "nombre": "Cajero 12:00 a 20:30",
      "descripcion": "Se establece una jornada laboral de 8 horas en el siguiente horario: De 12:00 a 20:30. La jornada diaria se interrumpirá por 30 minutos, destinados a colación, tiempo que será a cargo del trabajador. El tiempo extraordinario que se labore se pagará conjuntamente con la respectiva liquidación de remuneraciones y con el recargo legal que estipula la normativa legal vigente, en virtud del pacto de horas extraordinarias correspondiente.",
      "status": true,
      "created_date": "2022-01-06T20:25:29.411Z"
    }
  },
  {
    "model": "utils.horario",
    "pk": 8,
    "fields": {
      "nombre": "Reponedor Apoyo Noche de 20:00 a 07:00 ",
      "descripcion": "Se establece una jornada laboral de 10 horas en el siguiente horario: De 20:00 a 07:00. La jornada diaria se interrumpirá por 60 minutos, destinados a colación, tiempo que será a cargo del trabajador. El tiempo extraordinario que se labore se pagará conjuntamente con la respectiva liquidación de remuneraciones y con el recargo legal que estipula la normativa legal vigente, en virtud del pacto de horas extraordinarias correspondiente.",
      "status": true,
      "created_date": "2022-01-06T20:25:29.413Z"
    }
  },
  {
    "model": "utils.horario",
    "pk": 9,
    "fields": {
      "nombre": "Reponedor Apoyo Dia De 08:30 a 16:30",
      "descripcion": "Se establece una jornada laboral de 8 horas en el siguiente horario: De 8::30 a 16:30. La jornada diaria se interrumpirá por 30 minutos, destinados a colación, tiempo que será a cargo del trabajador. El tiempo extraordinario que se labore se pagará conjuntamente con la respectiva liquidación de remuneraciones y con el recargo legal que estipula la normativa legal vigente, en virtud del pacto de horas extraordinarias correspondiente.",
      "status": true,
      "created_date": "2022-01-06T20:25:29.417Z"
    }
  },
  {
    "model": "contratos.tipodocumento",
    "pk": 1,
    "fields": {
      "nombre": "Contrato",
      "status": true,
      "created": "2022-01-06 09:53:38.023091-03",
      "modified": "2022-01-06 09:53:38.023091-03"
    }
  },
  {
    "model": "contratos.tipodocumento",
    "pk": 2,
    "fields": {
      "nombre": "Anexo de hora extras",
      "status": true,
      "created": "2022-01-06 09:53:38.023091-03",
      "modified": "2022-01-06 09:53:38.023091-03"
    }
  },
  {
    "model": "psicologos.psicologicotipo",
    "pk": 1,
    "fields": {
      "nombre": "Supervisor",
      "status": true,
      "created_date": "2022-01-06T20:25:29.417Z"
    }
  },
  {
    "model": "psicologos.psicologicotipo",
    "pk": 2,
    "fields": {
      "nombre": "Técnico",
      "status": true,
      "created_date": "2022-01-06T20:25:29.417Z"
    }
  },
  {
    "model": "examenes.examen",
    "pk": 1,
    "fields": {
      "nombre": "EXAMEN PREOCUPACIONAL",
      "valor": 15,
      "status": true,
      "created_date": "2022-01-24T15:51:57.769Z"
    }
  },
  {
    "model": "examenes.examen",
    "pk": 2,
    "fields": {
      "nombre": "EXAMEN OCUPACIONAL",
      "valor": 10,
      "status": true,
      "created_date": "2022-01-24T15:52:23.431Z"
    }
  }
]
  